ID	Gene.symbol	Gene.title	log2(fold change)(TX vs Control)	-log10(Pvalue)(TX vs Control)	log2(fold change)(AR vs TX)	-log10(Pvalue)(AR vs TX)	log2(fold change)(AR vs Control)	-log10(Pvalue)(AR vs Control)	log2(fold change)(AR vs NR)	-log10(Pvalue)(AR vs NR)
1018_at	WNT10B	Wnt family member 10B	-0.654	10.473	0.23	2.503	-0.424	5.842	-0.278	2.673
1062_g_at	IL10RA	interleukin 10 receptor subunit alpha	0.333	1.602	1	7.181	1.333	9.449	1.095	6.359
1106_s_at	TRAC///TRAJ17///TRAV20///TRDV2	T-cell receptor alpha constant///T cell receptor alpha joining 17///T cell receptor alpha variable 20///T cell receptor delta variable 2	0.845	3.551	1.142	3.894	1.987	7.88	1.276	3.802
1184_at	MIR7703///PSME2	microRNA 7703///proteasome activator subunit 2	1.093	6.082	0.794	3.198	1.887	9.344	1.169	4.52
1228_s_at	CTAGE5	CTAGE family member 5, ER export factor	0.756	6.513	-1.192	9.86	-0.436	2.715	-0.546	3.044
1234_at	EPHA3	EPH receptor A3	-0.308	2.332	-0.308	2.03	-0.616	5.259	-0.447	2.752
1348_s_at	PCCA	propionyl-CoA carboxylase alpha subunit	0.978	2.86	-1.827	6.085	-0.848	2.224	-1.146	2.72
1370_at	IL7R	interleukin 7 receptor	0.761	2.4	0.852	2.677	1.613	5.932	1.195	3.325
1385_at	TGFBI	transforming growth factor beta induced	0.57	1.704	0.932	3.437	1.502	6.101	1.224	3.8
1389_at	MME	membrane metallo-endopeptidase	-0.508	3.396	-0.533	3.782	-1.041	8.12	-0.574	3.202
1391_s_at	CYP4A22///CYP4A11	cytochrome P450 family 4 subfamily A member 22///cytochrome P450 family 4 subfamily A member 11	0.667	3.081	-1.171	6.387	-0.504	2.117	-0.854	3.354
1403_s_at	CCL5	C-C motif chemokine ligand 5	1	2.498	1.618	4.844	2.618	8.1	1.923	4.703
1449_at	PSMA4	proteasome subunit alpha 4	1.527	11.651	-0.546	3.063	0.982	6.905	0.558	2.683
1456_s_at	IFI16	interferon gamma inducible protein 16	0.693	2.78	0.756	3.167	1.448	6.938	1.193	4.48
1461_at	NFKBIA	NFKB inhibitor alpha	0.68	1.799	1.11	2.639	1.789	5.114	1.652	3.929
1478_at	ITK	IL2 inducible T-cell kinase	0.528	1.583	0.985	4.199	1.513	6.584	1.197	4.058
149_at	DDX39A	DEAD-box helicase 39A	0.485	2.569	0.632	3.664	1.117	7.253	0.981	5.073
160044_g_at	ACO2	aconitase 2	0.621	2.192	-1.717	7.978	-1.095	4.721	-1.029	3.529
162_at	USP11	ubiquitin specific peptidase 11	-0.367	1.789	-0.417	2.172	-0.783	4.889	-0.819	4.115
1665_s_at	TYMP	thymidine phosphorylase	-0.506	3.465	1.05	7.806	0.543	3.241	0.567	2.808
1693_s_at	TIMP1	TIMP metallopeptidase inhibitor 1	0.458	2.361	1.511	7.938	1.97	10.588	0.877	3.069
1717_s_at	BIRC3	baculoviral IAP repeat containing 3	1.619	3.94	1.365	3.778	2.984	8.258	2.176	5.008
1718_at	ARPC2	actin related protein 2/3 complex subunit 2	0.684	3.861	0.908	4.138	1.593	8.533	0.988	3.851
1946_at	WT1-AS	WT1 antisense RNA	-1.126	10.053	0.482	3.281	-0.644	4.746	-0.543	3.052
195_s_at	CASP4	caspase 4	1.553	5.172	1.202	3.769	2.755	9.348	2.069	5.767
1984_s_at	ARHGDIB	Rho GDP dissociation inhibitor beta	0.968	3.293	0.706	1.98	1.674	6.034	1.102	2.901
2078_s_at	MYCN	v-myc avian myelocytomatosis viral oncogene neuroblastoma derived homolog	-0.911	11.212	0.314	2.901	-0.597	6.412	-0.398	3.086
277_at	MCL1	BCL2 family apoptosis regulator	1.091	4.919	0.66	1.932	1.751	7.225	1.387	4.612
279_at	NR4A1	nuclear receptor subfamily 4 group A member 1	-0.567	6.356	-0.272	2.145	-0.839	8.958	-0.589	4.938
31544_at	FOXI1	forkhead box I1	-0.408	2.307	-0.55	3.442	-0.959	6.68	-0.819	4.524
31728_at	HLA-DOA	major histocompatibility complex, class II, DO alpha	0.358	1.677	0.646	3.649	1.004	6.227	0.749	3.499
31820_at	HCLS1	hematopoietic cell-specific Lyn substrate 1	0.942	2.892	1.747	5.686	2.689	8.889	2.154	6.042
31966_at	DIO1	deiodinase, iodothyronine type I	1.059	2.514	-2.979	8.14	-1.92	4.891	-1.76	3.637
31975_at	MT4	metallothionein 4	0.288	2.404	0.452	4.201	0.741	7.535	0.412	2.889
32035_at	HLA-DRB4	major histocompatibility complex, class II, DR beta 4	0.887	3.687	0.986	3.186	1.873	7.369	1.361	4.194
32227_at	SRGN	serglycin	1.699	5.672	1.268	3.443	2.966	9.135	2.263	5.814
32272_at	TUBA1B	tubulin alpha 1b	1.149	8.146	0.564	2.368	1.712	10.366	0.951	4.188
32321_at	HLA-E	major histocompatibility complex, class I, E	0.768	2.89	1.248	3.992	2.016	7.427	1.624	4.904
32324_at	YWHAB	tyrosine 3-monooxygenase/tryptophan 5-monooxygenase activation protein beta	0.585	5.945	0.298	1.906	0.883	8.266	0.458	2.864
32331_at	LOC100507855///AK4	adenylate kinase 4, mitochondrial-like///adenylate kinase 4	1.46	3.953	-3.058	9.388	-1.598	4.936	-1.539	3.829
32392_s_at	UGT1A3///UGT1A1///UGT1A4///UGT1A9///UGT1A5///UGT1A6///UGT1A7///UGT1A8///UGT1A10	UDP glucuronosyltransferase family 1 member A3///UDP glucuronosyltransferase family 1 member A1///UDP glucuronosyltransferase family 1 member A4///UDP glucuronosyltransferase family 1 member A9///UDP glucuronosyltransferase family 1 member A5///UDP glucuronosyltransferase family 1 member A6///UDP glucuronosyltransferase family 1 member A7///UDP glucuronosyltransferase family 1 member A8///UDP glucuronosyltransferase family 1 member A10	1.182	2.059	-3.207	7.583	-2.024	4.744	-3.077	5.634
32510_at	AKR7A2	aldo-keto reductase family 7 member A2	0.985	2.885	-2.021	7.02	-1.036	3.123	-1.082	2.66
32607_at	BASP1	brain abundant membrane attached signal protein 1	1.042	2.246	1.314	3.036	2.356	6.101	2.148	4.44
32629_f_at	BTN3A1	butyrophilin subfamily 3 member A1	0.634	3.985	0.906	4.982	1.54	9.316	0.929	4.248
32654_g_at	BRD8	bromodomain containing 8	1.541	12.171	-0.738	5.29	0.802	5.252	0.566	2.652
32720_at	ATG12	autophagy related 12	1.561	12.156	-0.859	6.506	0.702	4.229	0.729	3.504
32737_at	RAC2	ras-related C3 botulinum toxin substrate 2 (rho family, small GTP binding protein Rac2)	-0.546	6.497	0.811	9.324	0.265	2.124	0.37	2.78
32773_at	LOC100509457///HLA-DQA1	HLA class II histocompatibility antigen, DQ alpha 1 chain-like///major histocompatibility complex, class II, DQ alpha 1	0.91	2.563	1.495	3.626	2.405	6.685	1.584	3.298
32784_at	PRPF4B	pre-mRNA processing factor 4B	0.928	4.843	0.442	1.747	1.37	7.288	0.952	3.835
32793_at	TRBC1	T cell receptor beta constant 1	-0.663	2.913	1.423	6.508	0.76	2.646	0.858	2.641
32859_at	STAT1	signal transducer and activator of transcription 1	0.858	4.012	0.833	4.355	1.692	8.942	1.374	5.965
32893_s_at	LOC102724197///LOC100132705///GGT2///GGTLC1///GGTLC2///GGT3P///GGT1	inactive gamma-glutamyltranspeptidase 2-like///immunoglobulin superfamily member 3-like///gamma-glutamyltransferase 2///gamma-glutamyltransferase light chain 1///gamma-glutamyltransferase light chain 2///gamma-glutamyltransferase 3 pseudogene///gamma-glutamyltransferase 1	1.167	3.357	-1.92	6.372	-0.753	1.974	-1.3	3.122
33121_g_at	RGS10	regulator of G-protein signaling 10	0.474	2.153	0.91	5.276	1.385	8.31	1.103	5.251
33238_at	LCK	LCK proto-oncogene, Src family tyrosine kinase	0.405	1.991	0.821	5.28	1.226	8.16	0.958	5.027
33243_at	TNFAIP8	TNF alpha induced protein 8	1.123	5.218	0.552	1.973	1.675	7.934	1.244	4.594
33280_r_at	ACSM3	acyl-CoA synthetase medium-chain family member 3	-0.617	3.979	-0.371	1.688	-0.989	6.373	-0.731	3.545
33313_g_at	LOC102724652///CRYAA	alpha-crystallin A chain///crystallin alpha A	1.515	6.67	-3.161	12.078	-1.646	5.736	-1.33	3.565
33339_g_at	STAT1	signal transducer and activator of transcription 1	1.112	3.156	1.373	4.061	2.484	7.885	1.911	4.84
33390_at	CD68	CD68 molecule	0.36	1.709	0.935	4.914	1.294	7.377	0.731	2.798
33418_at	RAB3GAP1	RAB3 GTPase activating protein catalytic subunit 1	0.76	10.941	-0.343	3.985	0.417	4.944	0.34	3.039
33462_at	P2RY14	purinergic receptor P2Y14	0.733	1.532	0.886	2.215	1.619	4.531	1.418	3.037
33564_at	AFM	afamin	0.67	2.697	-3.082	12.551	-2.412	9.664	-1.511	4.628
33701_at	LOC101929036///PAH	uncharacterized LOC101929036///phenylalanine hydroxylase	0.802	1.703	-3.226	9.224	-2.423	6.942	-2.037	4.786
33721_at	ABCC2	ATP binding cassette subfamily C member 2	0.828	5.136	-1.855	10.719	-1.027	5.204	-1.272	5.882
33731_at	SLC7A7	solute carrier family 7 member 7	-0.402	1.743	-1.131	7.745	-1.533	10.082	-0.713	3.472
33805_at	CEP350	centrosomal protein 350	1.143	10.068	-0.537	3.804	0.606	4.102	0.527	2.717
33956_at	LY96	lymphocyte antigen 96	1.099	1.95	1.506	3.398	2.605	6.22	2.028	3.733
34167_s_at	SLC6A7	solute carrier family 6 member 7	0.269	3.063	0.226	2.191	0.495	6.177	0.344	3.114
34352_at	PCBD1	pterin-4 alpha-carbinolamine dehydratase 1	0.802	6.96	-1.387	11.229	-0.584	3.976	-0.793	4.976
34383_at	USP1	ubiquitin specific peptidase 1	1.034	7.491	-0.543	3.044	0.491	2.409	0.661	2.892
34397_at	LUC7L3	LUC7 like 3 pre-mRNA splicing factor	1.442	10.307	-0.438	2.191	1.004	6.185	0.801	3.749
34521_at	MAP3K13	mitogen-activated protein kinase kinase kinase 13	-0.23	1.53	-0.423	3.167	-0.653	5.623	-0.493	3.127
34586_s_at	DLX2	distal-less homeobox 2	-0.344	2.305	-0.307	1.824	-0.651	5.009	-0.549	3.234
34712_at	DNMBP	dynamin binding protein	-0.691	10.833	0.29	3.509	-0.401	5.285	-0.396	4.253
34830_at	VOPP1	vesicular, overexpressed in cancer, prosurvival protein 1	0.433	3.144	0.655	4.611	1.088	8.464	0.836	5.217
34930_at	GPR65	G protein-coupled receptor 65	1.041	2.088	0.948	2.302	1.989	5.105	1.477	2.908
34965_at	CST7	cystatin F	0.464	2.402	0.488	2.263	0.952	5.543	0.712	3.081
35009_at	LRP2	LDL receptor related protein 2	1.486	6.774	-2.547	10.742	-1.061	3.878	-1.125	3.485
35268_at	MARCH7	membrane associated ring-CH-type finger 7	1.068	8.451	-0.396	2.167	0.672	4.257	0.64	3.2
35275_at	CA12	carbonic anhydrase 12	0.76	1.66	-1.827	5.893	-1.067	3.007	-1.337	3.069
35310_at	PIP4K2A	phosphatidylinositol-5-phosphate 4-kinase type 2 alpha	0.424	3.58	0.52	4.548	0.944	8.899	0.769	5.882
35472_at	KCNJ15	potassium voltage-gated channel subfamily J member 15	1.075	3.984	-1.977	8.058	-0.902	3.16	-1.046	3.103
35518_at	PPP1R3A	protein phosphatase 1 regulatory subunit 3A	-0.476	2.634	-0.604	3.05	-1.08	6.577	-0.817	3.781
35735_at	GBP1	guanylate binding protein 1	2.07	5.148	1.065	2.071	3.135	7.631	2.371	4.627
35834_at	AZGP1	alpha-2-glycoprotein 1, zinc-binding	0.675	2.066	-1.97	7.995	-1.296	4.941	-1.248	3.842
35867_at	SLC22A2	solute carrier family 22 member 2	0.928	4.944	-1.693	8.938	-0.766	3.232	-1.049	4.14
35926_s_at	LYZ	lysozyme	2.441	6.817	1.464	2.576	3.905	8.794	2.363	4.377
35937_at	MICB	MHC class I polypeptide-related sequence B	0.874	2.158	0.74	1.828	1.614	4.819	1.386	3.175
36062_at	LPXN	leupaxin	0.441	2.107	0.545	2.748	0.986	5.802	0.885	4.103
36123_at	TST	thiosulfate sulfurtransferase	0.904	3.363	-1.853	8.464	-0.949	3.958	-1.11	3.771
36162_at	BSG	basigin (Ok blood group)	0.418	3.55	-0.766	7.459	-0.348	2.675	-0.553	3.955
36454_at	CA12	carbonic anhydrase 12	1.004	1.739	-2.316	5.68	-1.312	2.887	-1.566	2.775
36528_at	ASL	argininosuccinate lyase	0.484	3.615	-0.833	6.561	-0.349	1.876	-0.542	2.916
36537_at	ARHGEF18	Rho/Rac guanine nucleotide exchange factor 18	1.28	11.95	-0.701	5.918	0.579	4.223	0.714	4.495
36547_r_at	SFI1	SFI1 centrin binding protein	-1.081	10.245	0.428	3.177	-0.653	5.011	-0.477	2.636
36571_at	TOP2B	topoisomerase (DNA) II beta	1.512	10.555	-0.583	3.08	0.93	5.63	0.677	3.017
36592_at	PHB	prohibitin	-0.279	1.73	-0.364	2.532	-0.643	5.196	-0.506	3.046
36678_at	TAGLN2	transgelin 2	0.356	2.267	0.555	3.37	0.91	6.523	0.639	3.352
36876_at	FAH	fumarylacetoacetate hydrolase	0.636	4.337	-1.165	8.243	-0.529	2.906	-0.69	3.46
36880_at	NQO2	NAD(P)H quinone dehydrogenase 2	0.549	2.763	-1.372	8.527	-0.823	4.665	-0.863	4.013
36991_at	SRSF4	serine and arginine rich splicing factor 4	0.499	2.981	0.7	4.095	1.199	7.856	0.918	4.771
37011_at	AIF1	allograft inflammatory factor 1	1.029	2.944	0.747	1.929	1.777	5.775	1.84	4.786
37023_at	LCP1	lymphocyte cytosolic protein 1	0.915	2.512	1.758	4.714	2.673	7.626	1.882	4.331
37039_at	HLA-DRA	major histocompatibility complex, class II, DR alpha	1.253	5.409	0.951	2.654	2.204	8.404	1.453	4.102
37070_at	MPZ	myelin protein zero	-0.859	11.234	0.472	5.398	-0.388	3.925	-0.426	3.588
37121_at	NKG7	natural killer cell granule protein 7	0.288	2.392	0.449	3.856	0.737	7.167	0.501	3.586
37219_at	CXCL9	C-X-C motif chemokine ligand 9	1.153	2.277	1.757	2.956	2.91	5.682	1.959	2.91
37237_at	AP3M2	adaptor related protein complex 3 mu 2 subunit	0.367	2.594	0.391	2.718	0.758	6.325	0.485	2.846
37239_r_at	PKMYT1	protein kinase, membrane associated tyrosine/threonine 1	-1.025	10.81	0.364	3.017	-0.661	5.919	-0.479	3.155
37307_at	GNAI2	G protein subunit alpha i2	0.443	2.095	0.633	2.69	1.075	5.632	0.93	3.885
37344_at	HLA-DMA	major histocompatibility complex, class II, DM alpha	0.986	4.283	0.924	2.96	1.91	7.642	1.456	4.693
37398_at	PECAM1	platelet and endothelial cell adhesion molecule 1	0.809	3.018	0.641	1.943	1.449	5.729	1.141	3.47
37399_at	AKR1C3	aldo-keto reductase family 1, member C3	1.072	2.415	-2.346	6.779	-1.274	3.348	-1.991	4.403
37403_at	ANXA1	annexin A1	1.055	4.16	0.745	2.565	1.8	7.553	1.188	3.703
37404_at	RGS12	regulator of G-protein signaling 12	-0.454	6.108	0.19	1.705	-0.264	2.544	-0.342	2.917
37405_at	SELENBP1	selenium binding protein 1	0.952	3.787	-1.8	8.326	-0.849	3.475	-0.849	2.752
37420_i_at	HLA-F	major histocompatibility complex, class I, F	1.623	5.81	1.509	3.482	3.132	8.996	2.343	5.683
37508_f_at	PRPF40A	pre-mRNA processing factor 40 homolog A	2.176	13.659	-0.963	5.551	1.213	7.367	0.822	3.759
37523_at	ACADL	acyl-CoA dehydrogenase, long chain	-0.36	3.254	-0.266	1.83	-0.626	5.924	-0.497	3.579
37591_at	UCP2	uncoupling protein 2	0.711	3.875	0.5	2.115	1.211	6.74	0.976	4.27
37606_at	KHK	ketohexokinase	0.197	2	-0.566	7.334	-0.368	4.11	-0.312	2.646
37608_g_at	KHK	ketohexokinase	0.961	3.478	-2.166	9.288	-1.205	4.988	-0.918	2.843
37645_at	CD69	CD69 molecule	0.614	1.552	1.088	3.977	1.703	6.288	1.404	4.055
37688_f_at	FCGR2A	Fc fragment of IgG receptor IIa	1.265	1.576	1.551	2.941	2.817	4.975	1.982	2.812
37731_at	EPS15	epidermal growth factor receptor pathway substrate 15	1.479	9.837	-0.718	3.94	0.761	3.966	0.689	2.768
37759_at	LAPTM5	lysosomal protein transmembrane 5	0.915	4.353	1.643	6.557	2.558	10.567	1.902	6.794
37895_at	SLC35A1	solute carrier family 35 member A1	1.051	10.063	-0.513	4.035	0.538	3.96	0.491	2.8
37910_at	HCFC1	host cell factor C1	1.49	11.376	-0.843	5.754	0.647	3.649	0.613	2.714
37978_at	QPRT	quinolinate phosphoribosyltransferase	0.286	2.65	-0.949	11.213	-0.663	7.69	-0.549	5.087
38029_at	SLC3A2	solute carrier family 3 member 2	0.388	2.183	-1.044	8.113	-0.656	4.615	-0.662	3.712
38085_at	CBX3	chromobox 3	1.231	7.167	-0.466	1.811	0.765	3.351	0.757	2.633
38091_at	LGALS9	galectin 9	-0.464	5.013	0.993	10.307	0.53	4.663	0.499	3.563
38095_i_at	HLA-DPB1	major histocompatibility complex, class II, DP beta 1	1.735	5.793	1.129	2.097	2.864	7.956	1.932	4.047
38096_f_at	HLA-DPB1	major histocompatibility complex, class II, DP beta 1	2.347	5.888	1.247	1.717	3.594	7.343	2.349	3.835
38111_at	VCAN	versican	1.12	2.232	1.29	3.112	2.41	6.166	1.448	2.736
38267_at	SLC1A1	solute carrier family 1 member 1	1.488	5.764	-2.542	9.25	-1.054	2.871	-1.281	3.174
38285_at	CRYM	crystallin mu	1.215	5.936	-1.972	9.417	-0.757	2.918	-1.136	4.156
38287_at	PSMB9	proteasome subunit beta 9	1.054	4.283	1.15	4.251	2.203	8.869	1.62	5.388
38363_at	TYROBP	TYRO protein tyrosine kinase binding protein	0.966	3.16	2.032	5.736	2.997	8.931	2.141	5.307
38378_at	CD53	CD53 molecule	0.914	2.561	1.75	5.578	2.663	8.601	2.038	5.449
38631_at	TNFAIP2	TNF alpha induced protein 2	0.585	1.584	1.071	3.706	1.656	6.176	1.341	3.846
38666_at	CYTH1	cytohesin 1	0.585	3.432	0.63	3.75	1.215	8.112	0.815	4.091
38685_at	STX12	syntaxin 12	0.941	9.007	-0.364	2.472	0.577	4.368	0.479	2.715
38796_at	C1QB	complement C1q B chain	0.936	2.311	2.064	4.899	3.001	7.532	1.814	3.451
38833_at	HLA-DPA1	major histocompatibility complex, class II, DP alpha 1	0.87	3.32	0.995	2.894	1.866	6.96	1.187	3.074
38882_r_at	LOC101930303///TRIM16L///TRIM16	uncharacterized LOC101930303///tripartite motif containing 16-like///tripartite motif containing 16	-0.44	3.244	-0.396	2.679	-0.836	6.842	-0.672	4.29
39043_at	ARPC1B	actin related protein 2/3 complex subunit 1B	-0.489	2.135	1.559	7.984	1.07	4.885	0.819	2.787
39128_r_at	PTPA	protein phosphatase 2 phosphatase activator	-1.042	9.201	0.392	2.555	-0.65	4.548	-0.513	2.64
39243_s_at	PSIP1	PC4 and SFRS1 interacting protein 1	1.212	9.03	-0.478	2.579	0.734	4.288	0.606	2.646
39311_at	FOLR1	folate receptor 1	0.31	1.875	-0.677	5.365	-0.368	2.302	-0.505	2.834
39322_at	KLHL25	kelch like family member 25	-0.615	9.212	0.245	2.702	-0.37	4.426	-0.306	2.743
39329_at	ACTN1	actinin alpha 1	1.325	4.599	0.691	1.808	2.016	7.041	1.435	3.795
39385_at	ANPEP	alanyl aminopeptidase, membrane	0.822	2.436	-1.548	5.839	-0.726	2.184	-1.126	3.007
39568_g_at	AQP7P5///LOC101930168///LOC100509620///AQP7P1///AQP7	aquaporin 7 pseudogene 5///putative aquaporin-7-like protein 3///putative aquaporin-7-like protein 3///aquaporin 7 pseudogene 1///aquaporin 7	0.602	5.572	-0.999	9.138	-0.398	2.738	-0.474	2.862
39591_s_at	FGL2	fibrinogen like 2	1.58	10.09	-0.51	2.312	1.071	5.733	0.773	3.023
39654_at	ASPA	aspartoacylase	0.796	4.42	-1.873	10.401	-1.077	5.257	-0.825	2.966
39728_at	IFI30///PIK3R2	IFI30, lysosomal thiol reductase///phosphoinositide-3-kinase regulatory subunit 2	0.418	1.674	1.289	5.794	1.707	8.18	1.396	5.442
39820_at	LOC101930306///RRN3P1///RRN3P2///RRN3	uncharacterized LOC101930306///RRN3 homolog, RNA polymerase I transcription factor pseudogene 1///RRN3 homolog, RNA polymerase I transcription factor pseudogene 2///RRN3 homolog, RNA polymerase I transcription factor	0.387	1.86	0.58	3.19	0.967	5.988	0.801	3.84
39977_at	ZBTB11	zinc finger and BTB domain containing 11	1.176	8.53	-0.592	3.431	0.584	3.024	0.779	3.533
40019_at	EVI2B	ecotropic viral integration site 2B	1.454	2.447	1.494	3.091	2.948	6.265	2.45	4.165
40074_at	MTHFD2	methylenetetrahydrofolate dehydrogenase (NADP+ dependent) 2, methenyltetrahydrofolate cyclohydrolase	0.671	3.32	0.579	2.66	1.25	6.924	0.964	4.115
40095_at	CA2	carbonic anhydrase 2	0.827	3.126	-2.179	8.898	-1.352	4.86	-1.257	3.653
40120_at	HAGH	hydroxyacylglutathione hydrolase	0.636	3.41	-1.196	7.35	-0.56	2.788	-0.693	2.972
40153_at	TAP1	transporter 1, ATP binding cassette subfamily B member	0.476	1.745	1.147	4.997	1.623	7.447	1.304	4.829
40186_at	DUSP9	dual specificity phosphatase 9	-0.435	2.203	-0.451	2.388	-0.886	5.572	-0.601	2.693
40239_g_at	IQCK	IQ motif containing K	-0.515	4.148	-0.374	2.314	-0.889	7.232	-0.617	3.746
40299_at	GPR161	G protein-coupled receptor 161	-0.968	10.661	0.431	3.943	-0.537	4.677	-0.425	2.73
40325_at	NTHL1	nth like DNA glycosylase 1	0.208	1.989	0.357	3.995	0.564	6.935	0.417	3.882
40442_f_at	SERBP1	SERPINE1 mRNA binding protein 1	-0.553	3.138	-0.484	2.734	-1.038	6.833	-0.751	3.722
40468_at	FNBP1	formin binding protein 1	0.756	3.46	0.698	3.023	1.453	7.353	1.129	4.444
40493_at	CD44	CD44 molecule (Indian blood group)	1.496	5.967	0.661	1.857	2.157	8.205	1.747	5.356
40505_at	UBE2L6	ubiquitin conjugating enzyme E2 L6	0.79	5.247	0.921	5.586	1.712	10.8	1.329	7.178
40518_at	PTPRC	protein tyrosine phosphatase, receptor type C	1.488	3.423	1.715	3.452	3.204	7.209	2.477	4.576
40519_at	PTPRC	protein tyrosine phosphatase, receptor type C	1.992	3.358	1.512	2.901	3.504	6.871	2.418	3.901
40522_at	GLUL	glutamate-ammonia ligase	0.688	1.791	1.265	3.685	1.953	6.211	1.447	3.566
40585_at	ADCY7	adenylate cyclase 7	0.978	3.648	0.659	2.489	1.637	6.898	1.458	4.844
40765_at	LOC102724985///PDXDC1	pyridoxal-dependent decarboxylase domain-containing protein 1///pyridoxal dependent decarboxylase domain containing 1	0.512	5.3	-0.968	10.331	-0.456	4.235	-0.379	2.639
40786_at	PPP2R5C	protein phosphatase 2 regulatory subunit B'gamma	1.461	10.348	-0.661	3.842	0.801	4.587	0.696	3.04
40822_at	NFATC3	nuclear factor of activated T-cells 3	0.567	2.56	0.465	1.876	1.032	5.325	0.892	3.555
40910_at	CAPZA1	capping actin protein of muscle Z-line alpha subunit 1	1.524	6.458	0.645	2.021	2.169	8.899	1.672	5.513
41125_r_at	ENPP2	ectonucleotide pyrophosphatase/phosphodiesterase 2	-1.306	12.323	0.452	3.543	-0.854	7.059	-0.538	3.195
41140_at	IFNGR2	interferon gamma receptor 2 (interferon gamma transducer 1)	0.666	5.634	0.413	2.457	1.079	8.531	0.834	5.308
41146_at	PARP1	poly(ADP-ribose) polymerase 1	1.263	10.541	-0.526	3.502	0.737	5.078	0.55	2.747
41171_at	MIR7703///PSME2	microRNA 7703///proteasome activator subunit 2	1.217	7.337	0.678	2.599	1.895	9.775	1.158	4.668
41184_s_at	PSMB8	proteasome subunit beta 8	0.619	3.447	0.927	5.526	1.546	9.499	1.204	6.127
41237_at	HLA-A	major histocompatibility complex, class I, A	1.635	7.522	0.848	2.173	2.483	9.556	1.181	2.913
41368_at	SLC13A3	solute carrier family 13 member 3	0.705	1.517	-2.276	7.563	-1.572	5.05	-1.27	3.128
41528_at	FAM168B	family with sequence similarity 168 member B	-0.238	1.53	-0.333	2.416	-0.571	4.828	-0.582	3.974
41609_at	HLA-DMB	major histocompatibility complex, class II, DM beta	0.423	1.554	0.876	3.428	1.299	5.759	1.001	3.388
41646_at	TAOK3	TAO kinase 3	0.994	7.092	-0.484	2.576	0.51	2.526	0.716	3.201
41703_r_at			-0.455	4.767	-0.274	2.019	-0.728	7.489	-0.482	3.617
41819_at	FYB	FYN binding protein	1.138	2.063	1.098	2.267	2.236	5.113	1.74	3.069
454_at	SMARCD1	SWI/SNF related, matrix associated, actin dependent regulator of chromatin, subfamily d, member 1	0.43	2.49	-1.283	9.384	-0.853	5.845	-0.798	4.412
574_s_at	CASP1	caspase 1	0.502	2.15	0.928	5.07	1.43	8.139	1.139	5.124
668_s_at	MMP7	matrix metallopeptidase 7	2.013	6.152	1.019	1.997	3.031	8.061	1.538	3.003
675_at	IFITM1	interferon induced transmembrane protein 1	0.449	1.704	1.131	4.607	1.58	7.124	0.942	2.861
715_s_at	LOC102724197///LOC100132705///GGT2///GGTLC1///GGTLC2///GGT3P///GGT1	inactive gamma-glutamyltranspeptidase 2-like///immunoglobulin superfamily member 3-like///gamma-glutamyltransferase 2///gamma-glutamyltransferase light chain 1///gamma-glutamyltransferase light chain 2///gamma-glutamyltransferase 3 pseudogene///gamma-glutamyltransferase 1	1.013	3.984	-1.722	7.603	-0.709	2.571	-1.125	3.688
730_r_at	MUC3A	mucin 3A, cell surface associated	-1.388	12.08	0.513	3.645	-0.875	6.831	-0.497	2.685
742_at	HABP2	hyaluronan binding protein 2	-0.81	8.8	0.314	2.264	-0.495	4.369	-0.491	3.547
818_s_at	ATRX	ATRX, chromatin remodeler	1.188	9.049	-0.509	2.942	0.679	4.056	0.602	2.749
935_at	CAP1	adenylate cyclase associated protein 1	0.542	2.792	0.721	3.27	1.263	6.835	0.862	3.447
AFFX-HUMGAPDH/M33197_M_at	GAPDH	glyceraldehyde-3-phosphate dehydrogenase	0.571	3.423	-0.996	6.793	-0.425	2.164	-0.711	3.487
AFFX-HUMISGF3A/M97935_3_at	STAT1	signal transducer and activator of transcription 1	1.54	6.695	0.767	1.95	2.307	8.546	1.613	4.826
