Position	ambiguous	benign	pathogenic
1	10	8	1
2	6	13	0
3	2	15	2
4	3	15	1
5	0	19	0
6	0	19	0
7	4	14	1
8	1	17	1
9	7	12	0
10	9	10	0
11	5	11	3
12	4	14	1
13	4	14	1
14	2	17	0
15	0	19	0
16	3	15	1
17	4	14	1
18	3	13	3
19	2	14	3
20	3	16	0
21	0	19	0
22	0	19	0
23	3	16	0
24	1	18	0
25	0	19	0
26	0	19	0
27	0	19	0
28	1	18	0
29	0	19	0
30	0	19	0
31	0	19	0
32	0	19	0
33	4	15	0
34	0	19	0
35	1	18	0
36	0	19	0
37	0	19	0
38	0	19	0
39	0	19	0
40	0	19	0
41	0	19	0
42	0	19	0
43	0	19	0
44	0	19	0
45	0	19	0
46	0	19	0
47	0	19	0
48	2	17	0
49	2	15	2
50	7	10	2
51	3	13	3
52	0	0	19
53	1	0	18
54	7	0	12
55	0	0	19
56	4	4	11
57	2	1	16
58	5	2	12
59	1	2	16
60	0	0	19
61	0	0	19
62	2	2	15
63	0	1	18
64	1	0	18
65	0	0	19
66	0	1	18
67	0	0	19
68	0	0	19
69	0	0	19
70	0	1	18
71	0	0	19
72	0	0	19
73	0	0	19
74	0	0	19
75	0	1	18
76	0	0	19
77	0	0	19
78	0	0	19
79	0	0	19
80	1	0	18
81	0	0	19
82	0	0	19
83	0	1	18
84	0	1	18
85	0	0	19
86	0	0	19
87	0	0	19
88	0	0	19
89	1	2	16
90	0	0	19
91	3	1	15
92	0	4	15
93	0	0	19
94	1	0	18
95	0	9	10
96	2	7	10
97	1	5	13
98	2	7	10
99	2	8	9
100	1	8	10
101	0	1	18
102	0	0	19
103	1	3	15
104	0	0	19
105	1	2	16
106	0	0	19
107	0	0	19
108	1	0	18
109	0	0	19
110	2	1	16
111	1	3	15
112	3	0	16
113	0	0	19
114	0	0	19
115	1	0	18
116	1	0	18
117	1	1	17
118	4	3	12
119	0	0	19
120	1	2	16
121	1	2	16
122	5	6	8
123	2	1	16
124	0	0	19
125	3	0	16
126	1	2	16
127	2	0	17
128	0	0	19
129	0	3	16
130	0	0	19
131	0	2	17
132	0	0	19
133	1	2	16
134	0	0	19
135	5	6	8
136	0	2	17
137	2	1	16
138	1	2	16
139	3	1	15
140	3	0	16
141	0	1	18
142	1	0	18
143	2	2	15
144	0	0	19
145	1	0	18
146	4	2	13
147	0	0	19
148	0	0	19
149	0	1	18
150	1	2	16
151	0	1	18
152	0	0	19
153	1	3	15
154	0	0	19
155	1	1	17
156	5	3	11
157	3	1	15
158	0	1	18
159	2	2	15
160	2	8	9
161	7	4	8
162	1	2	16
163	2	0	17
164	7	11	1
165	1	18	0
166	0	17	2
167	1	0	18
168	0	0	19
169	0	0	19
170	4	3	12
171	2	14	3
172	0	0	19
173	6	9	4
174	4	5	10
175	1	18	0
176	0	0	19
177	0	0	19
178	7	4	8
179	3	15	1
180	2	14	3
181	0	0	19
182	3	11	5
183	6	4	9
184	8	8	3
185	1	0	18
186	9	10	0
187	3	16	0
188	3	13	3
189	3	14	2
190	0	0	19
191	2	17	0
192	8	6	5
193	1	17	1
194	8	4	7
195	0	18	1
196	1	18	0
197	8	6	5
198	2	16	1
199	6	5	8
200	0	0	19
201	2	15	2
202	3	15	1
203	7	6	6
204	3	15	1
205	3	14	2
206	6	12	1
207	8	4	7
208	2	0	17
209	2	0	17
210	0	1	18
211	2	4	13
212	0	0	19
213	1	0	18
214	0	0	19
215	1	0	18
216	6	8	5
217	2	4	13
218	1	0	18
219	0	0	19
220	9	5	5
221	0	3	16
222	1	2	16
223	4	15	0
224	3	1	15
225	1	2	16
226	4	8	7
227	1	16	2
228	5	5	9
229	2	0	17
230	2	17	0
231	1	6	12
232	11	2	6
233	8	3	8
234	2	2	15
235	0	3	16
236	0	9	10
237	1	8	10
238	2	0	17
239	2	0	17
240	3	6	10
241	0	9	10
242	0	5	14
243	0	0	19
244	1	8	10
245	2	6	11
246	0	1	18
247	1	0	18
248	1	0	18
249	0	0	19
250	0	1	18
251	0	0	19
252	0	1	18
253	0	0	19
254	0	1	18
255	1	1	17
256	3	1	15
257	1	0	18
258	0	0	19
259	0	1	18
260	0	1	18
261	0	0	19
262	1	0	18
263	1	2	16
264	0	0	19
265	1	0	18
266	2	4	13
267	0	0	19
268	0	0	19
269	0	1	18
270	2	6	11
271	1	1	17
272	1	0	18
273	1	8	10
274	1	7	11
275	0	0	19
276	2	2	15
277	2	7	10
278	2	0	17
279	0	0	19
280	1	8	10
281	6	9	4
282	0	0	19
283	7	0	12
284	0	0	19
285	1	1	17
286	1	16	2
287	5	9	5
288	0	0	19
289	0	3	16
290	3	15	1
291	0	1	18
292	1	0	18
293	1	3	15
294	7	6	6
295	0	0	19
296	4	4	11
297	6	2	11
298	1	18	0
299	6	2	11
300	1	2	16
301	1	18	0
302	3	15	1
303	4	2	13
304	6	3	10
305	0	1	18
306	0	0	19
307	0	3	16
308	0	0	19
309	2	0	17
310	1	0	18
311	0	0	19
312	0	0	19
313	0	1	18
314	0	0	19
315	1	0	18
316	0	0	19
317	0	1	18
318	1	0	18
319	1	1	17
320	0	0	19
321	0	0	19
322	0	0	19
323	1	0	18
324	0	0	19
325	5	0	14
326	1	0	18
327	0	0	19
328	0	0	19
329	0	0	19
330	1	0	18
331	0	0	19
332	1	3	15
333	1	0	18
334	5	3	11
335	0	0	19
336	1	1	17
337	0	0	19
338	3	1	15
339	8	2	9
340	0	0	19
341	1	2	16
342	5	5	9
343	4	6	9
344	2	0	17
345	1	2	16
346	1	9	9
347	1	3	15
348	0	0	19
349	3	1	15
350	4	5	10
351	0	0	19
352	0	0	19
353	1	2	16
354	1	0	18
355	0	1	18
356	0	0	19
357	3	0	16
358	1	0	18
359	0	1	18
360	0	0	19
361	3	1	15
362	1	1	17
363	0	0	19
364	0	0	19
365	1	0	18
366	0	0	19
367	0	1	18
368	2	16	1
369	1	0	18
370	0	1	18
371	4	2	13
372	4	2	13
373	1	13	5
374	0	1	18
375	3	3	13
376	5	7	7
377	0	0	19
378	0	0	19
379	2	0	17
380	2	1	16
381	0	0	19
382	0	0	19
383	0	0	19
384	0	0	19
385	0	0	19
386	0	0	19
387	1	0	18
388	0	0	19
389	0	1	18
390	0	0	19
391	1	2	16
392	0	0	19
393	0	1	18
394	4	3	12
395	2	1	16
396	0	1	18
397	0	0	19
398	1	7	11
399	2	1	16
400	2	0	17
401	1	4	14
402	0	0	19
403	1	1	17
404	3	6	10
405	3	2	14
406	0	0	19
407	0	0	19
408	3	6	10
409	0	0	19
410	1	0	18
411	1	2	16
412	2	2	15
413	0	0	19
414	0	0	19
415	3	0	16
416	0	0	19
417	0	0	19
418	1	0	18
419	0	0	19
420	0	0	19
421	0	0	19
422	0	1	18
423	0	0	19
424	0	0	19
425	0	0	19
426	2	1	16
427	0	0	19
428	1	0	18
429	2	4	13
430	2	1	16
431	0	0	19
432	5	4	10
433	4	5	10
434	0	0	19
435	3	15	1
436	4	15	0
437	5	10	4
438	5	14	0
439	5	2	12
440	8	6	5
441	3	2	14
442	7	3	9
443	0	0	19
444	0	0	19
445	3	4	12
446	1	9	9
447	0	1	18
448	4	4	11
449	1	8	10
450	6	1	12
451	2	0	17
452	0	9	10
453	0	9	10
454	2	0	17
455	2	0	17
456	0	9	10
457	0	6	13
458	2	0	17
459	2	4	13
460	2	8	9
461	1	0	18
462	3	1	15
463	3	2	14
464	4	7	8
465	0	0	19
466	0	0	19
467	2	0	17
468	0	1	18
469	3	1	15
470	0	0	19
471	0	0	19
472	1	2	16
473	0	0	19
474	0	0	19
475	1	4	14
476	0	1	18
477	2	1	16
478	1	0	18
479	0	0	19
480	0	0	19
481	7	9	3
482	5	1	13
483	0	0	19
484	0	0	19
485	0	1	18
486	3	5	11
487	2	2	15
488	1	1	17
489	2	1	16
490	1	0	18
491	3	0	16
492	1	8	10
493	2	2	15
494	1	1	17
495	0	2	17
496	1	0	18
497	5	1	13
498	1	0	18
499	0	0	19
500	1	3	15
501	3	4	12
502	1	3	15
503	0	1	18
504	1	2	16
505	4	1	14
506	1	0	18
507	1	3	15
508	7	3	9
509	6	12	1
510	0	0	19
511	1	3	15
512	1	0	18
513	5	2	12
514	4	5	10
515	0	0	19
516	3	13	3
517	1	18	0
518	5	5	9
519	2	2	15
520	0	2	17
521	4	7	8
522	1	0	18
523	0	0	19
524	4	12	3
525	5	6	8
526	2	8	9
527	2	0	17
528	0	0	19
529	2	9	8
530	2	6	11
531	0	0	19
532	2	6	11
533	4	5	10
534	2	1	16
535	0	0	19
536	0	9	10
537	1	0	18
538	7	7	5
539	3	8	8
540	7	8	4
541	4	14	1
542	7	7	5
543	3	11	5
544	4	6	9
545	3	0	16
546	2	14	3
547	0	1	18
548	2	2	15
549	4	11	4
550	3	16	0
551	0	1	18
552	2	15	2
553	0	1	18
554	0	0	19
555	8	10	1
556	1	0	18
557	0	1	18
558	9	1	9
559	2	8	9
560	3	6	10
561	0	0	19
562	3	1	15
563	2	9	8
564	4	0	15
565	1	2	16
566	3	6	10
567	0	4	15
568	1	0	18
569	1	1	17
570	3	6	10
571	3	0	16
572	2	2	15
573	0	0	19
574	1	9	9
575	2	14	3
576	4	6	9
577	1	10	8
578	3	15	1
579	2	16	1
580	3	5	11
581	2	14	3
582	2	16	1
583	9	6	4
584	2	9	8
585	0	0	19
586	3	13	3
587	5	11	3
588	1	18	0
589	7	2	10
590	1	0	18
591	1	1	17
592	1	17	1
593	0	18	1
594	3	3	13
595	4	3	12
596	7	9	3
597	0	0	19
598	4	12	3
599	1	0	18
600	1	1	17
601	3	16	0
602	1	0	18
603	0	0	19
604	6	6	7
605	2	1	16
606	0	1	18
607	7	7	5
608	3	15	1
609	5	13	1
610	5	10	4
611	1	18	0
612	6	9	4
613	2	17	0
614	4	15	0
615	5	14	0
616	9	8	2
617	4	14	1
618	0	18	1
619	7	10	2
620	3	15	1
621	7	6	6
622	4	14	1
623	6	12	1
624	4	8	7
625	5	14	0
626	9	8	2
627	3	2	14
628	5	1	13
629	3	3	13
630	3	1	15
631	5	4	10
632	1	0	18
633	2	3	14
634	4	4	11
635	1	3	15
