rsID,posicao_genomica,consequencia,MAF,alelo_minoritario
rs2148358287,chrX:153688579,missense_variant,N/A,N/A
rs2091435790,chrX:153688581,missense_variant,N/A,N/A
rs2091435821,chrX:153688582,missense_variant,N/A,N/A
rs1190261367,chrX:153688585,missense_variant,N/A,N/A
rs1486125548,chrX:153688586,missense_variant,N/A,N/A
rs1557043719,chrX:153688587,missense_variant,N/A,N/A
rs1557043724,chrX:153688589,missense_variant,N/A,N/A
rs1557043730,chrX:153688590,missense_variant,N/A,N/A
rs1257162956,chrX:153688591,missense_variant,N/A,N/A
rs1557043742,chrX:153688594,missense_variant,N/A,N/A
rs1557043749,chrX:153688595,missense_variant,N/A,N/A
rs2148358337,chrX:153688596,missense_variant,N/A,N/A
rs2091436097,chrX:153688599,missense_variant,N/A,N/A
rs1198790754,chrX:153688600,missense_variant,N/A,N/A
rs2091436239,chrX:153688618,missense_variant,N/A,N/A
rs1557043763,chrX:153688621,missense_variant,N/A,N/A
rs1057524586,chrX:153688622,missense_variant,N/A,N/A
rs1557043767,chrX:153688623,missense_variant,N/A,N/A
rs2091436339,chrX:153688625,missense_variant,N/A,N/A
rs1261794545,chrX:153688628,missense_variant,N/A,N/A
rs1238996324,chrX:153688630,missense_variant,N/A,N/A
rs1327459880,chrX:153688635,missense_variant,N/A,N/A
rs1557043775,chrX:153688644,missense_variant,N/A,N/A
rs2091436513,chrX:153688645,missense_variant,N/A,N/A
rs1557043779,chrX:153688648,missense_variant,N/A,N/A
rs1233444890,chrX:153688650,missense_variant,N/A,N/A
rs2091436656,chrX:153688662,missense_variant,N/A,N/A
rs782598816,chrX:153688663,missense_variant,N/A,N/A
rs1385095471,chrX:153688665,missense_variant,N/A,N/A
rs868950793,chrX:153688666,missense_variant,N/A,N/A
rs2522144872,chrX:153688668,missense_variant,N/A,N/A
rs1603212955,chrX:153688671,missense_variant,N/A,N/A
rs1557043804,chrX:153688681,missense_variant,N/A,N/A
rs2522145001,chrX:153688683,missense_variant,N/A,N/A
rs2091436957,chrX:153688686,missense_variant,N/A,N/A
rs2148358486,chrX:153688687,missense_variant,N/A,N/A
rs2522145050,chrX:153688689,missense_variant,N/A,N/A
rs781997638,chrX:153688690,missense_variant,N/A,N/A
rs2522145082,chrX:153688692,missense_variant,N/A,N/A
rs1557043817,chrX:153688695,missense_variant,N/A,N/A
rs1368093500,chrX:153688698,missense_variant,N/A,N/A
rs1557043822,chrX:153688699,missense_variant,N/A,N/A
rs1185738875,chrX:153688701,missense_variant,N/A,N/A
rs2091437228,chrX:153688704,missense_variant,N/A,N/A
rs782388525,chrX:153688705,missense_variant,N/A,N/A
rs1557043834,chrX:153688710,missense_variant,N/A,N/A
rs781975330,chrX:153688711,missense_variant,N/A,N/A
rs1463935788,chrX:153688719,missense_variant,N/A,N/A
rs1557043838,chrX:153688720,missense_variant,N/A,N/A
rs2148358552,chrX:153688722,missense_variant,N/A,N/A
rs2522145332,chrX:153688723,missense_variant,N/A,N/A
rs2091437446,chrX:153688726,missense_variant,N/A,N/A
rs1557043846,chrX:153688744,missense_variant,N/A,N/A
rs1334661793,chrX:153688756,missense_variant,N/A,N/A
rs782056893,chrX:153688758,missense_variant,N/A,N/A
rs782814299,chrX:153688761,missense_variant,N/A,N/A
rs1557043854,chrX:153688764,missense_variant,N/A,N/A
rs2522145658,chrX:153688770,missense_variant,N/A,N/A
rs1557043855,chrX:153688773,missense_variant,N/A,N/A
rs1557043857,chrX:153688782,missense_variant,N/A,N/A
rs2522145845,chrX:153688803,missense_variant,N/A,N/A
rs2522145854,chrX:153688804,missense_variant,N/A,N/A
rs2522145913,chrX:153688812,missense_variant,N/A,N/A
rs2522145926,chrX:153688816,missense_variant,N/A,N/A
rs2522145971,chrX:153688821,missense_variant,N/A,N/A
rs2522145985,chrX:153688831,missense_variant,N/A,N/A
rs122453115,chrX:153688833,missense_variant,N/A,N/A
rs2522152137,chrX:153690375,missense_variant,N/A,N/A
rs1557044167,chrX:153690390,missense_variant,N/A,N/A
rs782040427,chrX:153690395,missense_variant,N/A,N/A
rs2091448720,chrX:153690401,missense_variant,N/A,N/A
rs1163682579,chrX:153690404,missense_variant,N/A,N/A
rs2091448804,chrX:153690407,missense_variant,N/A,N/A
rs2522152289,chrX:153690411,missense_variant,N/A,N/A
rs2522152299,chrX:153690413,missense_variant,N/A,N/A
rs2148360123,chrX:153690417,missense_variant,N/A,N/A
rs2148360140,chrX:153690434,missense_variant,N/A,N/A
rs2522152338,chrX:153690435,missense_variant,N/A,N/A
rs782080906,chrX:153690437,missense_variant,N/A,N/A
rs2522152365,chrX:153690439,missense_variant,N/A,N/A
rs782704042,chrX:153690444,missense_variant,N/A,N/A
rs2522152410,chrX:153690450,missense_variant,N/A,N/A
rs1569539246,chrX:153690452,missense_variant,N/A,N/A
rs2091449037,chrX:153690454,missense_variant,N/A,N/A
rs1557044185,chrX:153690467,missense_variant,N/A,N/A
rs2522152479,chrX:153690482,missense_variant,N/A,N/A
rs1557044188,chrX:153690495,missense_variant,N/A,N/A
rs122453117,chrX:153691304,missense_variant,N/A,N/A
rs2091454860,chrX:153691306,missense_variant,N/A,N/A
rs1557044406,chrX:153691315,missense_variant,N/A,N/A
rs2522155728,chrX:153691316,missense_variant,N/A,N/A
rs782360920,chrX:153691318,missense_variant,N/A,N/A
rs2522155760,chrX:153691322,missense_variant,N/A,N/A
rs1352753771,chrX:153691327,missense_variant,N/A,N/A
rs1557044413,chrX:153691330,missense_variant,N/A,N/A
rs1557044416,chrX:153691335,missense_variant,N/A,N/A
rs2522155827,chrX:153691346,missense_variant,N/A,N/A
rs2522155890,chrX:153691366,missense_variant,N/A,N/A
rs782174461,chrX:153691372,missense_variant,N/A,N/A
rs2522155913,chrX:153691373,missense_variant,N/A,N/A
rs2522155960,chrX:153691398,missense_variant,N/A,N/A
rs2522155968,chrX:153691400,missense_variant,N/A,N/A
rs2522155987,chrX:153691402,missense_variant,N/A,N/A
rs1603215030,chrX:153691405,missense_variant,N/A,N/A
rs1479462836,chrX:153691406,missense_variant,N/A,N/A
rs1557044434,chrX:153691433,missense_variant,N/A,N/A
rs2148361058,chrX:153691436,missense_variant,N/A,N/A
rs199937648,chrX:153691442,missense_variant,N/A,N/A
rs2522156199,chrX:153691447,missense_variant,N/A,N/A
rs149024147,chrX:153691453,missense_variant,N/A,N/A
rs2522156215,chrX:153691457,missense_variant,N/A,N/A
rs2522156231,chrX:153691460,missense_variant,N/A,N/A
rs372601430,chrX:153691466,missense_variant,N/A,N/A
rs1557044441,chrX:153691469,missense_variant,N/A,N/A
rs781794244,chrX:153691481,missense_variant,N/A,N/A
rs1557044446,chrX:153691487,missense_variant,N/A,N/A
rs2522156380,chrX:153691490,missense_variant,N/A,N/A
rs1557044451,chrX:153691501,missense_variant,N/A,N/A
rs2522156415,chrX:153691502,missense_variant,N/A,N/A
rs2522156437,chrX:153691511,missense_variant,N/A,N/A
rs781871613,chrX:153691520,missense_variant,N/A,N/A
rs1569539288,chrX:153691520,missense_variant,N/A,N/A
rs782620409,chrX:153691526,missense_variant,N/A,N/A
rs1557044461,chrX:153691528,missense_variant,N/A,N/A
rs1175883803,chrX:153691529,missense_variant,N/A,N/A
rs2091456078,chrX:153691532,missense_variant,N/A,N/A
rs2522156561,chrX:153691535,missense_variant,N/A,N/A
rs1414536201,chrX:153691540,missense_variant,N/A,N/A
rs1159897694,chrX:153691541,missense_variant,N/A,N/A
rs781806055,chrX:153691542,missense_variant,N/A,N/A
rs2091456256,chrX:153691553,missense_variant,N/A,N/A
rs2522158135,chrX:153691997,missense_variant,N/A,N/A
rs781906526,chrX:153691998,missense_variant,N/A,N/A
rs782787734,chrX:153692009,missense_variant,N/A,N/A
rs781848986,chrX:153692012,missense_variant,N/A,N/A
rs1328810626,chrX:153692036,missense_variant,N/A,N/A
rs782587269,chrX:153692039,missense_variant,N/A,N/A
rs2148361704,chrX:153692046,missense_variant,N/A,N/A
rs2091458986,chrX:153692052,missense_variant,N/A,N/A
rs2091459025,chrX:153692072,missense_variant,N/A,N/A
rs782447461,chrX:153692073,missense_variant,N/A,N/A
rs782287359,chrX:153692090,missense_variant,N/A,N/A
rs1285244690,chrX:153693044,missense_variant,N/A,N/A
rs2522161817,chrX:153693050,missense_variant,N/A,N/A
rs2091465921,chrX:153693066,missense_variant,N/A,N/A
rs146985734,chrX:153693071,missense_variant,N/A,N/A
rs782208622,chrX:153693083,missense_variant,N/A,N/A
rs1557044958,chrX:153693095,missense_variant,N/A,N/A
rs782802482,chrX:153693096,missense_variant,N/A,N/A
rs1557044962,chrX:153693101,missense_variant,N/A,N/A
rs2091466286,chrX:153693104,missense_variant,N/A,N/A
rs782005985,chrX:153693119,missense_variant,N/A,N/A
rs2522162079,chrX:153693122,missense_variant,N/A,N/A
rs2522162092,chrX:153693131,missense_variant,N/A,N/A
rs2148362804,chrX:153693137,missense_variant,N/A,N/A
rs2522162106,chrX:153693140,missense_variant,N/A,N/A
rs376937460,chrX:153693143,missense_variant,N/A,N/A
rs1557044980,chrX:153693146,missense_variant,N/A,N/A
rs782767368,chrX:153693159,missense_variant,N/A,N/A
rs2091466491,chrX:153693164,missense_variant,N/A,N/A
rs1183910478,chrX:153693168,missense_variant,N/A,N/A
rs1064794836,chrX:153693175,missense_variant,N/A,N/A
rs1603216798,chrX:153693263,missense_variant,N/A,N/A
rs2091467425,chrX:153693266,missense_variant,N/A,N/A
rs2522162570,chrX:153693274,missense_variant,N/A,N/A
rs1603216804,chrX:153693278,missense_variant,N/A,N/A
rs144678921,chrX:153693292,missense_variant,N/A,N/A
rs2148362940,chrX:153693297,missense_variant,N/A,N/A
rs373953317,chrX:153693302,missense_variant,N/A,N/A
rs1603216830,chrX:153693314,missense_variant,N/A,N/A
rs1211099077,chrX:153693317,missense_variant,N/A,N/A
rs797045972,chrX:153693324,missense_variant,N/A,N/A
rs1557045053,chrX:153693326,missense_variant,N/A,N/A
rs1557045056,chrX:153693330,missense_variant,N/A,N/A
rs1603216847,chrX:153693337,missense_variant,N/A,N/A
rs2522162815,chrX:153693343,missense_variant,N/A,N/A
rs2091467977,chrX:153693344,missense_variant,N/A,N/A
rs782640954,chrX:153693345,missense_variant,N/A,N/A
rs2091468099,chrX:153693359,missense_variant,N/A,N/A
rs122453116,chrX:153693361,missense_variant,N/A,N/A
rs781995279,chrX:153693463,missense_variant,N/A,N/A
rs782741852,chrX:153693466,missense_variant,N/A,N/A
rs781962672,chrX:153693470,missense_variant,N/A,N/A
rs2148363171,chrX:153693472,missense_variant,N/A,N/A
rs1557045133,chrX:153693479,missense_variant,N/A,N/A
rs1406686625,chrX:153693481,missense_variant,N/A,N/A
rs1163771888,chrX:153693490,missense_variant,N/A,N/A
rs2148363200,chrX:153693493,missense_variant,N/A,N/A
rs2148363211,chrX:153693500,missense_variant,N/A,N/A
rs782539012,chrX:153693502,missense_variant,N/A,N/A
rs782782179,chrX:153693516,missense_variant,N/A,N/A
rs781834528,chrX:153693517,missense_variant,N/A,N/A
rs2091469604,chrX:153693547,missense_variant,N/A,N/A
rs2522163686,chrX:153693548,missense_variant,N/A,N/A
rs2091469664,chrX:153693559,missense_variant,N/A,N/A
rs2522163716,chrX:153693565,missense_variant,N/A,N/A
rs2148363255,chrX:153693569,missense_variant,N/A,N/A
rs1557045159,chrX:153693572,missense_variant,N/A,N/A
rs122453114,chrX:153693586,missense_variant,N/A,N/A
rs1557045250,chrX:153693908,missense_variant,N/A,N/A
rs1557045255,chrX:153693916,missense_variant,N/A,N/A
rs782582952,chrX:153693924,missense_variant,N/A,N/A
rs374163604,chrX:153693925,missense_variant,N/A,N/A
rs2148363661,chrX:153693932,missense_variant,N/A,N/A
rs1557045267,chrX:153693934,missense_variant,N/A,N/A
rs782676733,chrX:153693935,missense_variant,N/A,N/A
rs1298953188,chrX:153693944,missense_variant,N/A,N/A
rs1557045281,chrX:153693947,missense_variant,N/A,N/A
rs1557045285,chrX:153693951,missense_variant,N/A,N/A
rs2522165328,chrX:153693953,missense_variant,N/A,N/A
rs1557045286,chrX:153693956,missense_variant,N/A,N/A
rs1557045287,chrX:153693959,missense_variant,N/A,N/A
rs1557045293,chrX:153693961,missense_variant,N/A,N/A
rs782378041,chrX:153693964,missense_variant,N/A,N/A
rs1557045294,chrX:153693970,missense_variant,N/A,N/A
rs1557045296,chrX:153693971,missense_variant,N/A,N/A
rs2522165418,chrX:153693973,missense_variant,N/A,N/A
rs1557045299,chrX:153693974,missense_variant,N/A,N/A
rs2091472678,chrX:153693977,missense_variant,N/A,N/A
rs1557045310,chrX:153693981,missense_variant,N/A,N/A
rs2091472802,chrX:153693995,missense_variant,N/A,N/A
rs1557045322,chrX:153693997,missense_variant,N/A,N/A
rs2148363751,chrX:153693998,missense_variant,N/A,N/A
rs782305265,chrX:153694006,missense_variant,N/A,N/A
rs2522165536,chrX:153694009,missense_variant,N/A,N/A
rs2148363766,chrX:153694010,missense_variant,N/A,N/A
rs2091472899,chrX:153694012,missense_variant,N/A,N/A
rs1057520594,chrX:153694013,missense_variant,N/A,N/A
rs2148363775,chrX:153694015,missense_variant,N/A,N/A
rs1603217259,chrX:153694016,missense_variant,N/A,N/A
rs1569539415,chrX:153694133,missense_variant,N/A,N/A
rs2522166164,chrX:153694136,missense_variant,N/A,N/A
rs1085308011,chrX:153694137,missense_variant,N/A,N/A
rs2522166187,chrX:153694139,missense_variant,N/A,N/A
rs11548960,chrX:153694146,missense_variant,N/A,N/A
rs11548959,chrX:153694149,missense_variant,N/A,N/A
rs1557045380,chrX:153694151,missense_variant,N/A,N/A
rs2060322395,chrX:153694157,missense_variant,N/A,N/A
rs782551106,chrX:153694160,missense_variant,N/A,N/A
rs2522166355,chrX:153694169,missense_variant,N/A,N/A
rs1569539421,chrX:153694172,missense_variant,N/A,N/A
rs782506865,chrX:153694175,missense_variant,N/A,N/A
rs2091474324,chrX:153694176,missense_variant,N/A,N/A
rs1557045395,chrX:153694179,missense_variant,N/A,N/A
rs2091474405,chrX:153694182,missense_variant,N/A,N/A
rs782604157,chrX:153694184,missense_variant,N/A,N/A
rs1557045400,chrX:153694185,missense_variant,N/A,N/A
rs1403716189,chrX:153694188,missense_variant,N/A,N/A
rs782206415,chrX:153694190,missense_variant,N/A,N/A
rs782326194,chrX:153694193,missense_variant,N/A,N/A
rs781925657,chrX:153694194,missense_variant,N/A,N/A
rs2091474639,chrX:153694208,missense_variant,N/A,N/A
rs782414344,chrX:153694220,missense_variant,N/A,N/A
rs2091474707,chrX:153694232,missense_variant,N/A,N/A
rs2522166695,chrX:153694241,missense_variant,N/A,N/A
rs1557045422,chrX:153694247,missense_variant,N/A,N/A
rs2522166740,chrX:153694254,missense_variant,N/A,N/A
rs2522166757,chrX:153694256,missense_variant,N/A,N/A
rs2091474773,chrX:153694260,missense_variant,N/A,N/A
rs1557045424,chrX:153694265,missense_variant,N/A,N/A
rs2522167236,chrX:153694345,missense_variant,N/A,N/A
rs1603217473,chrX:153694347,missense_variant,N/A,N/A
rs1557045470,chrX:153694356,missense_variant,N/A,N/A
rs2148364186,chrX:153694369,missense_variant,N/A,N/A
rs2522167369,chrX:153694372,missense_variant,N/A,N/A
rs1603217497,chrX:153694375,missense_variant,N/A,N/A
rs1569539437,chrX:153694380,missense_variant,N/A,N/A
rs2148364216,chrX:153694381,missense_variant,N/A,N/A
rs2148364228,chrX:153694389,missense_variant,N/A,N/A
rs2522167491,chrX:153694390,missense_variant,N/A,N/A
rs782055268,chrX:153694393,missense_variant,N/A,N/A
rs782808447,chrX:153694396,missense_variant,N/A,N/A
rs2091475956,chrX:153694413,missense_variant,N/A,N/A
rs782521147,chrX:153694418,missense_variant,N/A,N/A
rs122453118,chrX:153694424,missense_variant,N/A,N/A
rs782478865,chrX:153694425,missense_variant,N/A,N/A
rs2522167647,chrX:153694429,missense_variant,N/A,N/A
rs2091476053,chrX:153694431,missense_variant,N/A,N/A
rs1557045497,chrX:153694432,missense_variant,N/A,N/A
rs1557045503,chrX:153694434,missense_variant,N/A,N/A
rs2522167745,chrX:153694446,missense_variant,N/A,N/A
rs2148364400,chrX:153694535,missense_variant,N/A,N/A
rs2091476989,chrX:153694538,missense_variant,N/A,N/A
rs1557045536,chrX:153694539,missense_variant,N/A,N/A
rs782488606,chrX:153694541,missense_variant,N/A,N/A
rs1453689278,chrX:153694542,missense_variant,N/A,N/A
rs782214069,chrX:153694547,missense_variant,N/A,N/A
rs1557045552,chrX:153694548,missense_variant,N/A,N/A
rs782325571,chrX:153694549,missense_variant,N/A,N/A
rs151335200,chrX:153694552,missense_variant,N/A,N/A
rs201526436,chrX:153694553,missense_variant,N/A,N/A
rs1218740062,chrX:153694554,missense_variant,N/A,N/A
rs2091477291,chrX:153694557,missense_variant,N/A,N/A
rs782000377,chrX:153694562,missense_variant,N/A,N/A
rs2148364452,chrX:153694563,missense_variant,N/A,N/A
rs2148364458,chrX:153694564,missense_variant,N/A,N/A
rs2522168567,chrX:153694566,missense_variant,N/A,N/A
rs2522168581,chrX:153694571,missense_variant,N/A,N/A
rs1557045556,chrX:153694572,missense_variant,N/A,N/A
rs782361856,chrX:153694578,missense_variant,N/A,N/A
rs1603217625,chrX:153694580,missense_variant,N/A,N/A
rs1569539454,chrX:153694590,missense_variant,N/A,N/A
rs2522168764,chrX:153694594,missense_variant,N/A,N/A
rs1350252807,chrX:153694596,missense_variant,N/A,N/A
rs1557045566,chrX:153694600,missense_variant,N/A,N/A
rs782703394,chrX:153694607,missense_variant,N/A,N/A
rs1404964544,chrX:153694610,missense_variant,N/A,N/A
rs2522168817,chrX:153694611,missense_variant,N/A,N/A
rs1557045574,chrX:153694615,missense_variant,N/A,N/A
rs1603217639,chrX:153694616,missense_variant,N/A,N/A
rs1557045578,chrX:153694617,missense_variant,N/A,N/A
rs1557045583,chrX:153694620,missense_variant,N/A,N/A
rs782128391,chrX:153694625,missense_variant,N/A,N/A
rs2091477846,chrX:153694632,missense_variant,N/A,N/A
rs797045971,chrX:153694723,missense_variant,N/A,N/A
rs782582776,chrX:153694724,missense_variant,N/A,N/A
rs782646163,chrX:153694732,missense_variant,N/A,N/A
rs782354054,chrX:153694737,missense_variant,N/A,N/A
rs2148364687,chrX:153694746,missense_variant,N/A,N/A
rs782028471,chrX:153694749,missense_variant,N/A,N/A
rs397515558,chrX:153694753,missense_variant,N/A,N/A
rs1557045675,chrX:153694758,missense_variant,N/A,N/A
rs2522169716,chrX:153694761,missense_variant,N/A,N/A
rs373130978,chrX:153694766,missense_variant,N/A,N/A
rs782790088,chrX:153694768,missense_variant,N/A,N/A
rs199635059,chrX:153694771,missense_variant,N/A,N/A
rs372567920,chrX:153694776,missense_variant,N/A,N/A
rs397515559,chrX:153694783,missense_variant,N/A,N/A
rs1557045705,chrX:153694791,missense_variant,N/A,N/A
rs782507075,chrX:153694798,missense_variant,N/A,N/A
rs145438966,chrX:153694800,missense_variant,N/A,N/A
rs781816805,chrX:153694802,missense_variant,N/A,N/A
rs2522169971,chrX:153694803,missense_variant,N/A,N/A
rs1557045721,chrX:153694806,missense_variant,N/A,N/A
rs2091479671,chrX:153694808,missense_variant,N/A,N/A
rs201044530,chrX:153694814,missense_variant,N/A,N/A
rs1557045723,chrX:153694815,missense_variant,N/A,N/A
rs2872523,chrX:153694816,missense_variant,N/A,N/A
rs1557045724,chrX:153694818,missense_variant,N/A,N/A
rs782398727,chrX:153694821,missense_variant,N/A,N/A
rs2091479857,chrX:153694822,missense_variant,N/A,N/A
rs1603217815,chrX:153694825,missense_variant,N/A,N/A
rs1230036277,chrX:153694827,missense_variant,N/A,N/A
rs1379981266,chrX:153694830,missense_variant,N/A,N/A
rs782244505,chrX:153694835,missense_variant,N/A,N/A
rs2872524,chrX:153694836,missense_variant,N/A,N/A
rs781951570,chrX:153694840,missense_variant,N/A,N/A
rs2522170214,chrX:153694843,missense_variant,N/A,N/A
rs1603217840,chrX:153694849,missense_variant,N/A,N/A
rs2522170274,chrX:153694854,missense_variant,N/A,N/A
rs782317227,chrX:153694860,missense_variant,N/A,N/A
rs782149657,chrX:153694866,missense_variant,N/A,N/A
rs782748018,chrX:153694867,missense_variant,N/A,N/A
rs1166464054,chrX:153694874,missense_variant,N/A,N/A
rs781834204,chrX:153694879,missense_variant,N/A,N/A
rs2522170374,chrX:153694882,missense_variant,N/A,N/A
rs2148364886,chrX:153694883,missense_variant,N/A,N/A
rs2522170386,chrX:153694884,missense_variant,N/A,N/A
rs2522170397,chrX:153694885,missense_variant,N/A,N/A
rs2314078,chrX:153695074,missense_variant,N/A,N/A
rs868934708,chrX:153695075,missense_variant,N/A,N/A
rs2314079,chrX:153695080,missense_variant,N/A,N/A
rs782560726,chrX:153695084,missense_variant,N/A,N/A
rs782673093,chrX:153695085,missense_variant,N/A,N/A
rs1060502811,chrX:153695096,missense_variant,N/A,N/A
rs782587560,chrX:153695100,missense_variant,N/A,N/A
rs1557045828,chrX:153695104,missense_variant,N/A,N/A
rs2148365237,chrX:153695105,missense_variant,N/A,N/A
rs1301772452,chrX:153695116,missense_variant,N/A,N/A
rs1557045839,chrX:153695119,missense_variant,N/A,N/A
rs1448508153,chrX:153695120,missense_variant,N/A,N/A
rs1557045843,chrX:153695126,missense_variant,N/A,N/A
rs2148365271,chrX:153695134,missense_variant,N/A,N/A
rs1557045845,chrX:153695135,missense_variant,N/A,N/A
rs146949376,chrX:153695137,missense_variant,N/A,N/A
rs2091482640,chrX:153695140,missense_variant,N/A,N/A
rs2091482657,chrX:153695150,missense_variant,N/A,N/A
rs2522171964,chrX:153695152,missense_variant,N/A,N/A
rs2091482702,chrX:153695156,missense_variant,N/A,N/A
rs1557045853,chrX:153695159,missense_variant,N/A,N/A
rs1393010146,chrX:153695162,missense_variant,N/A,N/A
rs1557045856,chrX:153695165,missense_variant,N/A,N/A
rs782388832,chrX:153695167,missense_variant,N/A,N/A
rs1160275875,chrX:153695170,missense_variant,N/A,N/A
rs1557045860,chrX:153695171,missense_variant,N/A,N/A
rs368555229,chrX:153695176,missense_variant,N/A,N/A
rs1181103233,chrX:153695180,missense_variant,N/A,N/A
rs1557045865,chrX:153695183,missense_variant,N/A,N/A
rs201637740,chrX:153695185,missense_variant,N/A,N/A
rs1557045871,chrX:153695188,missense_variant,N/A,N/A
rs781899045,chrX:153695191,missense_variant,N/A,N/A
rs373570632,chrX:153695194,missense_variant,N/A,N/A
rs1557045884,chrX:153695204,missense_variant,N/A,N/A
rs1236176576,chrX:153695207,missense_variant,N/A,N/A
rs2091483340,chrX:153695211,missense_variant,N/A,N/A
