Gene	"Gene synonym"	Ensembl	"Gene description"	Uniprot	Chromosome	Position	"Protein class"	"Biological process"	"Molecular function"	"Disease involvement"	Evidence	"HPA evidence"	"UniProt evidence"	"NeXtProt evidence"	"RNA tissue specificity"	"RNA tissue distribution"	"RNA tissue specificity score"	"RNA tissue specific nTPM"	"RNA single cell type specificity"	"RNA single cell type distribution"	"RNA single cell type specificity score"	"RNA single cell type specific nTPM"	"RNA cancer specificity"	"RNA cancer distribution"	"RNA cancer specificity score"	"RNA cancer specific FPKM"	"RNA brain regional specificity"	"RNA brain regional distribution"	"RNA brain regional specificity score"	"RNA brain regional specific nTPM"	"RNA blood cell specificity"	"RNA blood cell distribution"	"RNA blood cell specificity score"	"RNA blood cell specific nTPM"	"RNA blood lineage specificity"	"RNA blood lineage distribution"	"RNA blood lineage specificity score"	"RNA blood lineage specific nTPM"	"RNA cell line specificity"	"RNA cell line distribution"	"RNA cell line specificity score"	"RNA cell line specific nTPM"	"RNA tissue cell type enrichment"	"RNA mouse brain regional specificity"	"RNA mouse brain regional distribution"	"RNA mouse brain regional specificity score"	"RNA mouse brain regional specific nTPM"	"RNA pig brain regional specificity"	"RNA pig brain regional distribution"	"RNA pig brain regional specificity score"	"RNA pig brain regional specific nTPM"	Antibody	"Reliability (IH)"	"Reliability (Mouse Brain)"	"Reliability (IF)"	"Subcellular location"	"Secretome location"	"Secretome function"	"CCD Protein"	"CCD Transcript"	"Blood concentration - Conc. blood IM [pg/L]"	"Blood concentration - Conc. blood MS [pg/L]"	"Blood expression cluster"	"Tissue expression cluster"	"Brain expression cluster"	"Cell line expression cluster"	"Single cell expression cluster"	Interactions	"Subcellular main location"	"Subcellular additional location"	"Antibody RRID"	"Pathology prognostics - Breast cancer"	"Pathology prognostics - Cervical cancer"	"Pathology prognostics - Colorectal cancer"	"Pathology prognostics - Endometrial cancer"	"Pathology prognostics - Glioma"	"Pathology prognostics - Head and neck cancer"	"Pathology prognostics - Liver cancer"	"Pathology prognostics - Lung cancer"	"Pathology prognostics - Melanoma"	"Pathology prognostics - Ovarian cancer"	"Pathology prognostics - Pancreatic cancer"	"Pathology prognostics - Prostate cancer"	"Pathology prognostics - Renal cancer"	"Pathology prognostics - Stomach cancer"	"Pathology prognostics - Testis cancer"	"Pathology prognostics - Thyroid cancer"	"Pathology prognostics - Urothelial cancer"
SLC12A1	"BSC, BSC-1, BSC1, CCC2, NKCC2"	ENSG00000074803	"Solute carrier family 12 member 1"	Q13621	15	48178438-48304078	"Disease related genes, FDA approved drug targets, Human disease related genes, Metabolic proteins, Predicted membrane proteins, Transporters"	"Ion transport, Potassium transport, Sodium transport, Symport, Transport"		"Bartter syndrome, Disease variant, FDA approved drug targets, Neurodegeneration"	"Evidence at protein level"	"Evidence at protein level"	"Evidence at protein level"	"Evidence at protein level"	"Tissue enriched"	"Detected in single"	825	"kidney: 687.0"	"Group enriched"	"Detected in some"	4	"Collecting duct cells: 33.1;Distal tubular cells: 92.2"	"Cancer enriched"	"Detected in single"	4	"renal cancer: 1.0"	"Low region specificity"	"Detected in many"			"Not detected in immune cells"	"Not detected"			"Not detected"	"Not detected"			"Not detected"	"Not detected"			"Kidney - Ascending Loop of Henle cells, Testis - Early spermatids"	"Not detected"	"Not detected"			"Low region specificity"	"Detected in many"			"HPA014967, HPA018107"	Enhanced		Approved	Nucleoplasm,Vesicles			NA	NA				"Cluster 52: Kidney - Transmembrane transport"	"Cluster 1: Neurons - Mixed function"	"Cluster 27: Breast cancer - Unknown function"	"Cluster 39: Non-specific - Basic cellular processes"		Vesicles	Nucleoplasm	"HPA014967: AB_1854503, HPA018107: AB_1854504"	"unprognostic (3.52e-2)"	"unprognostic (1.30e-2)"		"unprognostic (9.65e-2)"	"unprognostic (1.74e-2)"	"unprognostic (7.77e-2)"	"unprognostic (1.04e-1)"	"unprognostic (8.72e-2)"	"unprognostic (2.06e-1)"	"unprognostic (9.85e-3)"	"unprognostic (2.81e-4)"	"unprognostic (9.75e-2)"	"unprognostic (2.61e-1)"	"unprognostic (5.47e-2)"	"unprognostic (2.03e-1)"	"unprognostic (5.20e-4)"	"unprognostic (8.52e-2)"
TMEM174	"FLJ31268, MGC13034"	ENSG00000164325	"Transmembrane protein 174"	Q8WUU8	5	73173193-73175143	"Predicted membrane proteins, Transporters"				"Evidence at protein level"	"Evidence at protein level"	"Evidence at protein level"	"Evidence at protein level"	"Tissue enriched"	"Detected in single"	800	"kidney: 147.7"	"Cell type enriched"	"Detected in some"	7	"Proximal tubular cells: 117.5"	"Cancer enriched"	"Detected in single"	126	"renal cancer: 6.2"	"Low region specificity"	"Detected in single"			"Not detected in immune cells"	"Not detected"			"Not detected"	"Not detected"			"Not detected"	"Not detected"			"Kidney - Proximal tubular cells"	"Not detected"	"Not detected"			"Low region specificity"	"Detected in some"			HPA037975	Enhanced						NA	NA				"Cluster 52: Kidney - Transmembrane transport"	"Cluster 22: Non-specific - Mixed function"	"Cluster 61: BICR 18 - Protein kinases"	"Cluster 56: Proximal tubular cells - Amino acid metabolism"	12			"HPA037975: AB_10672732"					"unprognostic (8.11e-2)"								"prognostic favorable (3.30e-6)"				
UMOD		ENSG00000169344	Uromodulin	P07911	16	20333051-20356301	"Disease related genes, Human disease related genes, Plasma proteins, Predicted intracellular proteins, Predicted membrane proteins, Predicted secreted proteins"	"Immunity, Innate immunity"		"Ciliopathy, Disease variant, Nephronophthisis"	"Evidence at protein level"	"Evidence at protein level"	"Evidence at protein level"	"Evidence at protein level"	"Tissue enriched"	"Detected in some"	689	"kidney: 2197.0"	"Group enriched"	"Detected in some"	164	"Collecting duct cells: 204.2;Distal tubular cells: 405.7"	"Cancer enriched"	"Detected in single"	39	"renal cancer: 5.5"	"Not detected"	"Not detected"			"Not detected in immune cells"	"Not detected"			"Not detected"	"Not detected"			"Not detected"	"Not detected"			"Breast - Breast glandular cells, Kidney - Ascending Loop of Henle cells"	"Not detected"	"Not detected"			"Not detected"	"Not detected"			"CAB009446, HPA043420, HPA054721"	Enhanced				"Secreted in other tissues"	Immunity	NA	NA	55000000	66000000		"Cluster 52: Kidney - Transmembrane transport"		"Cluster 10: Ciliated cells - Ion channel activity"	"Cluster 39: Non-specific - Basic cellular processes"				"CAB009446: AB_2212378, HPA043420: AB_2678474, HPA054721: AB_2682585"	"unprognostic (2.51e-2)"										"unprognostic (1.33e-1)"	"unprognostic (6.45e-2)"	"unprognostic (3.02e-2)"	"unprognostic (1.49e-2)"	"unprognostic (1.43e-1)"		
SLC7A13	"AGT-1, XAT2"	ENSG00000164893	"Solute carrier family 7 member 13"	Q8TCU3	8	86214063-86321146	"Predicted membrane proteins, Transporters"	"Amino-acid transport, Transport"			"Evidence at transcript level"	"Evidence at transcript level"	"Evidence at transcript level"	"Evidence at transcript level"	"Tissue enriched"	"Detected in single"	231	"kidney: 40.4"	"Cell type enriched"	"Detected in some"	10	"Proximal tubular cells: 21.3"	"Not detected"	"Not detected"			"Not detected"	"Not detected"			"Not detected in immune cells"	"Not detected"			"Not detected"	"Not detected"			"Not detected"	"Not detected"			"Breast - Breast glandular cells, Testis - Early spermatids, Testis - Late spermatids"	"Not detected"	"Not detected"			"Low region specificity"	"Detected in many"										NA	NA				"Cluster 52: Kidney - Transmembrane transport"		"Cluster 27: Breast cancer - Unknown function"	"Cluster 56: Proximal tubular cells - Amino acid metabolism"					"unprognostic (3.34e-1)"						"unprognostic (2.62e-1)"					"unprognostic (1.12e-1)"	"unprognostic (2.96e-5)"				
SLC22A12	"OAT4L, RST, URAT1"	ENSG00000197891	"Solute carrier family 22 member 12"	Q96S37	11	64590641-64602353	"Disease related genes, FDA approved drug targets, Human disease related genes, Metabolic proteins, Predicted membrane proteins, Transporters"	"Ion transport, Transport"		"Disease variant, FDA approved drug targets"	"Evidence at protein level"	"Evidence at protein level"	"Evidence at protein level"	"Evidence at protein level"	"Tissue enriched"	"Detected in single"	205	"kidney: 106.4"	"Cell type enriched"	"Detected in some"	20	"Proximal tubular cells: 128.6"	"Cancer enriched"	"Detected in some"	4	"renal cancer: 16.5"	"Low region specificity"	"Detected in single"			"Not detected in immune cells"	"Not detected"			"Not detected"	"Not detected"			"Not detected"	"Not detected"			"Breast - Adipocytes (Breast), Kidney - Proximal tubular cells, Kidney - Proximal tubular cells"	"Low region specificity"	"Detected in some"			"Not detected"	"Not detected"			HPA024575	Enhanced						NA	NA				"Cluster 52: Kidney - Transmembrane transport"	"Cluster 15: Non-specific - Transcription"	"Cluster 7: Liver cancer - Metabolism"	"Cluster 38: Proximal tubular cells - Transmembrane transport"				"HPA024575: AB_1858650"					"unprognostic (5.88e-2)"		"unprognostic (2.33e-1)"						"prognostic favorable (2.63e-4)"	"unprognostic (6.19e-2)"	"unprognostic (3.91e-2)"		
NPHS2	"PDCN, SRN1"	ENSG00000116218	"NPHS2 stomatin family member, podocin"	Q9NP85	1	179550539-179575952	"Disease related genes, Human disease related genes, Potential drug targets, Predicted membrane proteins, Transporters"			"Disease variant"	"Evidence at protein level"	"Evidence at protein level"	"Evidence at protein level"	"Evidence at protein level"	"Tissue enriched"	"Detected in some"	141	"kidney: 248.0"	"Cell type enriched"	"Detected in some"	5	"Collecting duct cells: 35.0"	"Not detected"	"Not detected"			"Not detected"	"Not detected"			"Not detected in immune cells"	"Not detected"			"Not detected"	"Not detected"			"Not detected"	"Not detected"			"Kidney - Podocytes, Stomach - Gastric mucous cells"	"Low region specificity"	"Detected in single"			"Low region specificity"	"Detected in many"			"CAB037267, HPA049486"	Enhanced						NA	NA				"Cluster 52: Kidney - Transmembrane transport"		"Cluster 16: Thyroid cancer - Neuronal signaling"	"Cluster 13: Spermatids - Transcription"	1			"CAB037267: AB_261982, HPA049486: AB_2680788"													"unprognostic (6.77e-2)"	"unprognostic (9.71e-2)"	"unprognostic (1.86e-1)"		
SLC12A3	"NCC, NCCT"	ENSG00000070915	"Solute carrier family 12 member 3"	P55017	16	56865207-56915850	"Disease related genes, FDA approved drug targets, Human disease related genes, Metabolic proteins, Plasma proteins, Predicted membrane proteins, Transporters"	"Ion transport, Sodium transport, Symport, Transport"		"Disease variant, FDA approved drug targets"	"Evidence at protein level"	"Evidence at protein level"	"Evidence at protein level"	"Evidence at protein level"	"Tissue enriched"	"Detected in single"	118	"kidney: 98.9"	"Cell type enhanced"	"Detected in some"		"Collecting duct cells: 5.8;dendritic cells: 20.8;Glandular and luminal cells: 4.2"	"Cancer enhanced"	"Detected in some"		"renal cancer: 2.5"	"Low region specificity"	"Detected in many"			"Immune cell enriched"	"Detected in single"	20	"plasmacytoid DC: 14.9"	"Lineage enriched"	"Detected in single"	20	"dendritic cells: 14.9"	"Cancer enhanced"	"Detected in some"		"ovarian cancer: 6.3;Uterine cancer: 6.7"	"Kidney - Intercalated cells, Stomach - Parietal cells"	"Not detected"	"Not detected"			"Low region specificity"	"Detected in many"			HPA028748	Enhanced						NA	NA			"Cluster 44: Plasmacytoid DCs - Plasma membrane proteins"	"Cluster 52: Kidney - Transmembrane transport"	"Cluster 51: Neurons - Mixed function"	"Cluster 15: Kidney cancer - Membrane components"	"Cluster 28: Dendritic cells - Antigen presentation"				"HPA028748: AB_10603886"	"unprognostic (1.54e-3)"	"unprognostic (7.09e-5)"	"unprognostic (1.35e-1)"	"unprognostic (1.41e-2)"	"unprognostic (2.91e-1)"	"unprognostic (2.38e-4)"	"unprognostic (1.81e-1)"	"unprognostic (9.70e-2)"	"unprognostic (1.34e-1)"	"unprognostic (7.25e-2)"	"unprognostic (6.84e-2)"	"unprognostic (1.83e-1)"	"unprognostic (1.43e-1)"	"unprognostic (2.09e-1)"	"unprognostic (1.38e-1)"	"unprognostic (1.40e-2)"	"unprognostic (1.70e-1)"
TMEM207		ENSG00000198398	"Transmembrane protein 207"	Q6UWW9	3	190428655-190449901	"Predicted membrane proteins"				"Evidence at protein level"	"Evidence at transcript level"	"Evidence at protein level"	"Evidence at protein level"	"Tissue enriched"	"Detected in single"	114	"kidney: 17.1"	"Cell type enriched"	"Detected in single"	38	"Distal tubular cells: 36.9"	"Not detected"	"Not detected"			"Not detected"	"Not detected"			"Not detected in immune cells"	"Not detected"			"Not detected"	"Not detected"			"Not detected"	"Not detected"				"Not detected"	"Not detected"			"Not detected"	"Not detected"			HPA014332	Uncertain						NA	NA				"Cluster 52: Kidney - Transmembrane transport"		"Cluster 10: Ciliated cells - Ion channel activity"	"Cluster 39: Non-specific - Basic cellular processes"	9			"HPA014332: AB_2204907"															"unprognostic (4.81e-2)"		
SLC22A2	OCT2	ENSG00000112499	"Solute carrier family 22 member 2"	O15244	6	160171061-160277638	"Metabolic proteins, Predicted membrane proteins, Transporters"	"Ion transport, Transport"			"Evidence at protein level"	"Evidence at protein level"	"Evidence at protein level"	"Evidence at protein level"	"Tissue enriched"	"Detected in some"	80	"kidney: 148.4"	"Group enriched"	"Detected in some"	7	"Distal tubular cells: 55.3;Proximal tubular cells: 143.4"	"Cancer enriched"	"Detected in single"	493	"renal cancer: 30.8"	"Low region specificity"	"Detected in many"			"Not detected in immune cells"	"Not detected"			"Not detected"	"Not detected"			"Cancer enhanced"	"Detected in some"		"Kidney cancer: 3.4;prostate cancer: 1.3"		"Low region specificity"	"Detected in many"			"Region enhanced"	"Detected in some"		"midbrain: 2.5"	"HPA008549, CAB068236, CAB068237"	Enhanced						NA	NA				"Cluster 52: Kidney - Transmembrane transport"	"Cluster 10: Cerebellum - Nucleic acid binding"	"Cluster 15: Kidney cancer - Membrane components"	"Cluster 38: Proximal tubular cells - Transmembrane transport"				"CAB068236: AB_2665668, CAB068237: AB_2665669, HPA008549: "	"unprognostic (1.01e-1)"	"unprognostic (3.67e-1)"	"unprognostic (2.26e-1)"	"unprognostic (3.67e-2)"	"unprognostic (4.24e-1)"	"unprognostic (3.33e-1)"	"unprognostic (2.51e-2)"	"unprognostic (3.30e-1)"	"unprognostic (1.42e-2)"	"unprognostic (1.15e-4)"	"unprognostic (1.41e-1)"	"unprognostic (3.68e-1)"	"prognostic favorable (1.85e-7)"	"unprognostic (1.65e-2)"	"unprognostic (8.20e-2)"	"unprognostic (4.11e-1)"	"unprognostic (2.45e-2)"
SLC6A18	"FLJ31236, Xtrp2"	ENSG00000164363	"Solute carrier family 6 member 18"	Q96N87	5	1225381-1246189	"Disease related genes, Metabolic proteins, Potential drug targets, Predicted membrane proteins, Transporters"	"Amino-acid transport, Neurotransmitter transport, Symport, Transport"			"Evidence at protein level"	"Evidence at protein level"	"Evidence at transcript level"	"Evidence at transcript level"	"Tissue enriched"	"Detected in single"	75	"kidney: 7.9"	"Cell type enriched"	"Detected in some"	16	"Proximal tubular cells: 32.2"	"Cancer enriched"	"Detected in single"	44	"renal cancer: 4.2"	"Not detected"	"Not detected"			"Not detected in immune cells"	"Not detected"			"Not detected"	"Not detected"			"Not detected"	"Not detected"				"Not detected"	"Not detected"			"Not detected"	"Not detected"			HPA011885	Enhanced						NA	NA				"Cluster 52: Kidney - Transmembrane transport"		"Cluster 51: Myeloma - Immunoglobulins"	"Cluster 56: Proximal tubular cells - Amino acid metabolism"				"HPA011885: AB_1857198"			"unprognostic (2.02e-1)"										"unprognostic (5.69e-3)"	"unprognostic (2.90e-1)"			
MCCD1		ENSG00000204511	"Mitochondrial coiled-coil domain 1"	P59942	6	31528962-31530232	"Predicted intracellular proteins"				"Evidence at protein level"	"Evidence at transcript level"	"Evidence at protein level"	"Evidence at protein level"	"Tissue enriched"	"Detected in some"	73	"kidney: 79.6"	"Group enriched"	"Detected in some"	36	"Distal tubular cells: 399.5;Proximal tubular cells: 316.3"	"Group enriched"	"Detected in some"	5	"breast cancer: 0.7;endometrial cancer: 0.8;liver cancer: 2.4;renal cancer: 2.6"	"Low region specificity"	"Detected in many"			"Not detected in immune cells"	"Not detected"			"Not detected"	"Not detected"			"Not detected"	"Not detected"			"Kidney - Proximal tubular cells"					"Not detected"	"Not detected"								"Intracellular and membrane"	"No annotated function"	NA	NA				"Cluster 52: Kidney - Transmembrane transport"	"Cluster 52: Neurons & Synapses - Synaptic function"		"Cluster 56: Proximal tubular cells - Amino acid metabolism"	20				"unprognostic (1.34e-1)"			"unprognostic (2.39e-2)"			"unprognostic (2.71e-1)"			"unprognostic (3.22e-2)"			"prognostic favorable (1.73e-4)"				
SLC34A1	"NAPI-3, NPT2, NPTIIa, SLC11, SLC17A2"	ENSG00000131183	"Solute carrier family 34 member 1"	Q06495	5	177379235-177398848	"Disease related genes, Human disease related genes, Metabolic proteins, Plasma proteins, Potential drug targets, Predicted intracellular proteins, Predicted membrane proteins, Transporters"	"Ion transport, Sodium transport, Symport, Transport"		"Disease variant"	"Evidence at protein level"	"Evidence at transcript level"	"Evidence at protein level"	"Evidence at protein level"	"Tissue enriched"	"Detected in some"	54	"kidney: 149.8"	"Cell type enriched"	"Detected in some"	8	"Proximal tubular cells: 101.4"	"Cancer enriched"	"Detected in single"	12	"renal cancer: 1.8"	"Not detected"	"Not detected"			"Not detected in immune cells"	"Not detected"			"Not detected"	"Not detected"			"Not detected"	"Not detected"			"Kidney - Proximal tubular cells, Liver - Hepatocytes"	"Not detected"	"Not detected"			"Not detected"	"Not detected"			"HPA051255, HPA077175"	Approved		Approved	"Nucleoplasm,Nuclear speckles,Plasma membrane,Mitotic spindle,Cytosol"			Yes	NA				"Cluster 52: Kidney - Transmembrane transport"		"Cluster 47: Leukemia - Hemostasis"	"Cluster 38: Proximal tubular cells - Transmembrane transport"		"Nuclear speckles, Plasma membrane"	"Nucleoplasm, Mitotic spindle, Cytosol"	"HPA051255: AB_2681409, HPA077175: "	"unprognostic (1.17e-1)"	"unprognostic (3.33e-3)"	"unprognostic (1.49e-1)"	"unprognostic (3.49e-2)"		"unprognostic (1.56e-3)"	"unprognostic (2.28e-1)"	"unprognostic (4.50e-2)"	"unprognostic (4.43e-3)"	"unprognostic (1.91e-1)"	"unprognostic (1.14e-1)"	"unprognostic (5.95e-2)"	"unprognostic (1.23e-3)"	"unprognostic (1.38e-1)"	"unprognostic (2.01e-1)"	"unprognostic (1.28e-2)"	"unprognostic (4.66e-2)"
SLC4A9	AE4	ENSG00000113073	"Solute carrier family 4 member 9"	Q96Q91	5	140360194-140375141	"Metabolic proteins, Plasma proteins, Predicted membrane proteins, Transporters"	"Anion exchange, Antiport, Ion transport, Transport"			"Evidence at transcript level"	"Evidence at transcript level"	"Evidence at transcript level"	"Evidence at transcript level"	"Tissue enriched"	"Detected in single"	48	"kidney: 34.5"	"Cell type enhanced"	"Detected in some"		"Collecting duct cells: 3.9;Distal tubular cells: 3.1;Excitatory neurons: 2.3;Inhibitory neurons: 2.3;Oligodendrocyte precursor cells: 1.4;Oligodendrocytes: 6.0;Spermatocytes: 1.7"	"Cancer enriched"	"Detected in single"	8	"renal cancer: 0.9"	"Low region specificity"	"Detected in many"			"Not detected in immune cells"	"Not detected"			"Not detected"	"Not detected"			"Not detected"	"Not detected"			"Adipose visceral - Mesothelial cells, Kidney - Intercalated cells"	"Not detected"	"Not detected"			"Low region specificity"	"Detected in all"			HPA051307	Uncertain		Approved	"Vesicles,Plasma membrane,Cytosol"			NA	NA				"Cluster 52: Kidney - Transmembrane transport"	"Cluster 26: Oligodendrocytes - Mixed function"	"Cluster 46: Lymphoma - Humoral immune response"	"Cluster 51: Oligodendrocytes - Unknown function"		"Plasma membrane, Cytosol"	Vesicles	"HPA051307: AB_2681434"	"unprognostic (1.68e-1)"	"unprognostic (4.22e-2)"	"unprognostic (2.20e-1)"	"unprognostic (1.47e-1)"	"unprognostic (1.10e-1)"	"unprognostic (2.13e-1)"	"unprognostic (1.02e-2)"	"unprognostic (3.28e-3)"	"unprognostic (2.78e-1)"	"unprognostic (2.47e-1)"	"unprognostic (4.78e-2)"	"unprognostic (1.19e-1)"	"unprognostic (4.24e-2)"	"unprognostic (2.99e-2)"	"unprognostic (3.06e-2)"	"unprognostic (5.04e-2)"	"unprognostic (1.82e-2)"
MIOX	ALDRL6	ENSG00000100253	"Myo-inositol oxygenase"	Q9UGB7	22	50486784-50490648	"Enzymes, Metabolic proteins, Predicted intracellular proteins"		Oxidoreductase		"Evidence at protein level"	"Evidence at protein level"	"Evidence at protein level"	"Evidence at protein level"	"Tissue enriched"	"Detected in some"	47	"kidney: 674.7"	"Cell type enriched"	"Detected in some"	19	"Proximal tubular cells: 4414.6"	"Cancer enriched"	"Detected in many"	16	"renal cancer: 56.0"	"Low region specificity"	"Detected in all"			"Not detected in immune cells"	"Not detected"			"Not detected"	"Not detected"			"Cancer enhanced"	"Detected in some"		"Kidney cancer: 5.5"	"Kidney - Proximal tubular cells, Prostate - Prostate glandular cells"	"Not detected"	"Not detected"			"Low region specificity"	"Detected in all"			"HPA039451, HPA039562"	Enhanced						NA	NA				"Cluster 52: Kidney - Transmembrane transport"	"Cluster 48: Non-specific - Mixed function"	"Cluster 15: Kidney cancer - Membrane components"	"Cluster 56: Proximal tubular cells - Amino acid metabolism"				"HPA039451: AB_2676513, HPA039562: AB_2676574"	"unprognostic (2.11e-1)"	"unprognostic (4.32e-2)"	"unprognostic (2.22e-2)"	"unprognostic (1.30e-2)"	"unprognostic (9.83e-2)"	"unprognostic (5.25e-2)"	"unprognostic (1.61e-2)"	"unprognostic (3.84e-3)"	"unprognostic (2.84e-1)"	"unprognostic (4.72e-2)"	"unprognostic (1.85e-2)"	"unprognostic (9.83e-2)"	"prognostic favorable (2.60e-6)"	"unprognostic (1.77e-1)"	"unprognostic (1.50e-1)"	"unprognostic (1.36e-2)"	"unprognostic (2.23e-2)"
SLC22A13	"OAT10, OCTL1, OCTL3, ORCTL3"	ENSG00000172940	"Solute carrier family 22 member 13"	Q9Y226	3	38265812-38278757	"Metabolic proteins, Predicted membrane proteins, Transporters"				"Evidence at protein level"	"Evidence at protein level"	"Evidence at protein level"	"Evidence at protein level"	"Tissue enriched"	"Detected in single"	44	"kidney: 8.7"	"Cell type enhanced"	"Detected in some"		"Horizontal cells: 4.4;Ionocytes: 2.9;Proximal tubular cells: 6.6;Sertoli cells: 2.7"	"Cancer enriched"	"Detected in single"	7	"renal cancer: 0.7"	"Low region specificity"	"Detected in many"			"Not detected in immune cells"	"Not detected"			"Not detected"	"Not detected"			"Not detected"	"Not detected"			"Kidney - Proximal tubular cells, Kidney - Proximal tubular cells"	"Not detected"	"Not detected"			"Low region specificity"	"Detected in all"			"HPA035603, HPA035962"	Enhanced						NA	NA				"Cluster 52: Kidney - Transmembrane transport"	"Cluster 37: Neurons - Mixed function"	"Cluster 56: Non-specific - Sensory perception"	"Cluster 38: Proximal tubular cells - Transmembrane transport"				"HPA035603: AB_10672869, HPA035962: AB_2674890"	"unprognostic (2.73e-2)"	"unprognostic (6.70e-2)"	"unprognostic (2.80e-1)"	"unprognostic (5.68e-2)"	"unprognostic (7.13e-3)"	"unprognostic (3.50e-3)"	"unprognostic (6.83e-2)"	"unprognostic (1.49e-1)"	"unprognostic (3.48e-1)"	"unprognostic (2.09e-1)"	"unprognostic (3.04e-1)"	"unprognostic (1.92e-1)"	"unprognostic (8.65e-5)"	"unprognostic (3.39e-1)"	"unprognostic (1.96e-2)"	"unprognostic (5.24e-2)"	"unprognostic (2.74e-1)"
KCNJ1	"Kir1.1, ROMK1"	ENSG00000151704	"Potassium inwardly rectifying channel subfamily J member 1"	P48048	11	128836315-128867373	"Disease related genes, FDA approved drug targets, Human disease related genes, Predicted membrane proteins, Transporters, Voltage-gated ion channels"	"Ion transport, Potassium transport, Transport"	"Ion channel, Voltage-gated channel"	"Bartter syndrome, Disease variant, FDA approved drug targets"	"Evidence at protein level"	"Evidence at protein level"	"Evidence at protein level"	"Evidence at protein level"	"Tissue enriched"	"Detected in some"	43	"kidney: 191.1"	"Group enriched"	"Detected in some"	96	"Collecting duct cells: 23.3;Distal tubular cells: 79.9"	"Cancer enriched"	"Detected in some"	7	"renal cancer: 3.4"	"Region enhanced"	"Detected in some"		"basal ganglia: 3.3"	"Not detected in immune cells"	"Not detected"			"Not detected"	"Not detected"			"Not detected"	"Not detected"			"Kidney - Ascending Loop of Henle cells"	"Not detected"	"Not detected"			"Not detected"	"Not detected"			HPA026962	Enhanced						NA	NA				"Cluster 52: Kidney - Transmembrane transport"	"Cluster 33: Neurons - Mixed function"	"Cluster 50: Lymphoma - Unknown function"	"Cluster 39: Non-specific - Basic cellular processes"				"HPA026962: AB_10601934"	"unprognostic (1.75e-1)"	"unprognostic (4.38e-2)"	"unprognostic (1.14e-1)"	"unprognostic (3.19e-1)"	"unprognostic (7.55e-2)"	"unprognostic (1.29e-1)"	"unprognostic (3.01e-2)"	"unprognostic (2.69e-1)"	"unprognostic (1.46e-1)"	"unprognostic (2.44e-2)"	"unprognostic (6.47e-2)"	"unprognostic (2.78e-1)"	"unprognostic (6.05e-2)"	"unprognostic (4.99e-2)"	"unprognostic (1.61e-1)"	"unprognostic (1.28e-1)"	"unprognostic (7.81e-3)"
FXYD4	CHIF	ENSG00000150201	"FXYD domain containing ion transport regulator 4"	P59646	10	43371636-43376335	"Predicted membrane proteins, Transporters"	"Ion transport, Transport"	"Ion channel"		"Evidence at protein level"	"Evidence at protein level"	"No human protein/transcript evidence"	"Evidence at protein level"	"Tissue enriched"	"Detected in some"	42	"kidney: 288.8"	"Cell type enriched"	"Detected in some"	63	"Collecting duct cells: 3876.1"	"Group enriched"	"Detected in many"	5	"renal cancer: 10.7;urothelial cancer: 20.0"	"Low region specificity"	"Detected in many"			"Not detected in immune cells"	"Not detected"			"Not detected"	"Not detected"			"Group enriched"	"Detected in some"	7	"lung cancer: 3.0;testis cancer: 9.5"	"Skeletal muscle - Skeletal myocytes"	"Not detected"	"Not detected"			"Low region specificity"	"Detected in all"			HPA058421	Enhanced		Uncertain	Cytosol			NA	NA				"Cluster 52: Kidney - Transmembrane transport"	"Cluster 11: White matter - Signal transduction"	"Cluster 7: Liver cancer - Metabolism"	"Cluster 3: Basal prostatic cells - Lipid metabolism"		Cytosol		"HPA058421: AB_2683714"	"unprognostic (2.92e-3)"	"unprognostic (5.25e-1)"	"unprognostic (9.46e-2)"	"unprognostic (2.60e-2)"	"unprognostic (2.56e-1)"	"unprognostic (1.85e-1)"		"unprognostic (2.32e-1)"		"unprognostic (2.00e-1)"	"unprognostic (5.17e-2)"	"unprognostic (2.19e-1)"	"unprognostic (6.12e-2)"	"unprognostic (7.88e-2)"	"unprognostic (1.26e-1)"	"unprognostic (3.20e-1)"	"unprognostic (2.09e-2)"
SLC22A6	"OAT1, PAHT, ROAT1"	ENSG00000197901	"Solute carrier family 22 member 6"	Q4U2R8	11	62936385-62984967	"FDA approved drug targets, Metabolic proteins, Predicted membrane proteins, Transporters"			"FDA approved drug targets"	"Evidence at protein level"	"Evidence at protein level"	"Evidence at protein level"	"Evidence at protein level"	"Tissue enriched"	"Detected in some"	32	"kidney: 189.5"	"Cell type enriched"	"Detected in some"	36	"Proximal tubular cells: 170.6"	"Cancer enriched"	"Detected in single"	102	"renal cancer: 18.8"	"Low region specificity"	"Detected in all"			"Not detected in immune cells"	"Not detected"			"Not detected"	"Not detected"			"Not detected"	"Not detected"			"Kidney - Proximal tubular cells, Kidney - Proximal tubular cells"	"Low region specificity"	"Detected in all"			"Low region specificity"	"Detected in all"			"HPA074559, CAB075704"	Enhanced						NA	NA				"Cluster 52: Kidney - Transmembrane transport"	"Cluster 19: Astrocytes - Mixed function"		"Cluster 38: Proximal tubular cells - Transmembrane transport"	1			"CAB075704: , HPA074559: AB_2732260"					"unprognostic (2.42e-2)"								"unprognostic (2.25e-3)"	"unprognostic (4.43e-1)"			
ATP6V1G3	"ATP6G3, Vma10"	ENSG00000151418	"ATPase H+ transporting V1 subunit G3"	Q96LB4	1	198523222-198540945	"Metabolic proteins, Predicted intracellular proteins, Transporters"	"Hydrogen ion transport, Ion transport, Transport"			"Evidence at protein level"	"Evidence at protein level"	"Evidence at protein level"	"Evidence at protein level"	"Tissue enriched"	"Detected in some"	28	"kidney: 57.7"	"Cell type enriched"	"Detected in some"	27	"Distal tubular cells: 639.3"	"Cancer enriched"	"Detected in single"	140	"renal cancer: 11.2"	"Not detected"	"Not detected"			"Not detected in immune cells"	"Not detected"			"Not detected"	"Not detected"			"Not detected"	"Not detected"			"Kidney - Intercalated cells"	"Not detected"	"Not detected"			"Not detected"	"Not detected"			HPA028701	Enhanced						NA	NA				"Cluster 52: Kidney - Transmembrane transport"		"Cluster 64: Connective tissue cells - ECM organization"	"Cluster 39: Non-specific - Basic cellular processes"				"HPA028701: AB_10611681"																	
OR2T10		ENSG00000184022	"Olfactory receptor family 2 subfamily T member 10"	Q8NGZ9	1	248590487-248597700	"G-protein coupled receptors, Predicted membrane proteins"	"Olfaction, Sensory transduction"	"G-protein coupled receptor, Receptor, Transducer"		"Evidence at transcript level"	"Evidence at transcript level"	"Evidence at transcript level"	"Evidence at transcript level"	"Tissue enriched"	"Detected in single"	23	"kidney: 4.8"	"Cell type enhanced"	"Detected in some"		"B-cells: 1.2;Oocytes: 5.1;Proximal tubular cells: 2.9"	"Cancer enhanced"	"Detected in single"		"renal cancer: 0.7"	"Not detected"	"Not detected"			"Not detected in immune cells"	"Not detected"			"Not detected"	"Not detected"			"Not detected"	"Not detected"												HPA052019	Uncertain						NA	NA				"Cluster 52: Kidney - Transmembrane transport"		"Cluster 55: Lymphoma - Immune response"	"Cluster 38: Proximal tubular cells - Transmembrane transport"				"HPA052019: AB_2681696"													"unprognostic (8.58e-2)"				
TMEM52B	"C12orf59, FLJ31166"	ENSG00000165685	"Transmembrane protein 52B"	Q4KMG9	12	10170542-10191804	"Predicted intracellular proteins"				"Evidence at protein level"	"Evidence at protein level"	"Evidence at protein level"	"Evidence at protein level"	"Tissue enriched"	"Detected in some"	23	"kidney: 109.2"	"Cell type enriched"	"Detected in some"	19	"Distal tubular cells: 817.5"	"Cancer enriched"	"Detected in some"	5	"renal cancer: 6.9"	"Low region specificity"	"Detected in all"			"Not detected in immune cells"	"Not detected"			"Not detected"	"Not detected"			"Cancer enhanced"	"Detected in many"		"liver cancer: 9.3"	"Kidney - Intercalated cells, Testis - Early spermatids, Testis - Late spermatids"	"Not detected"	"Not detected"			"Not detected"	"Not detected"			HPA058096	Enhanced		Approved	"Focal adhesion sites"			NA	NA			"Cluster 2: Dendritic cells - Unknown function"	"Cluster 52: Kidney - Transmembrane transport"	"Cluster 20: Macrophages & Microglia - Immune response"	"Cluster 34: Testis cancer - Unknown function"	"Cluster 39: Non-specific - Basic cellular processes"	59	"Focal adhesion sites"		"HPA058096: AB_2683603"	"unprognostic (1.10e-2)"	"unprognostic (7.61e-2)"	"unprognostic (1.37e-3)"	"unprognostic (1.22e-1)"	"unprognostic (1.67e-1)"	"unprognostic (5.33e-3)"	"unprognostic (1.37e-1)"	"unprognostic (8.65e-2)"	"unprognostic (7.14e-4)"	"unprognostic (2.23e-1)"	"unprognostic (6.36e-2)"	"unprognostic (7.33e-2)"	"unprognostic (3.24e-2)"	"unprognostic (5.80e-2)"	"unprognostic (5.51e-2)"	"unprognostic (1.66e-1)"	"unprognostic (3.18e-1)"
SLC5A2	SGLT2	ENSG00000140675	"Solute carrier family 5 member 2"	P31639	16	31483002-31490860	"Disease related genes, FDA approved drug targets, Human disease related genes, Metabolic proteins, Predicted membrane proteins, Transporters"	"Ion transport, Sodium transport, Sugar transport, Symport, Transport"		"Disease variant, FDA approved drug targets"	"Evidence at protein level"	"Evidence at protein level"	"Evidence at protein level"	"Evidence at protein level"	"Tissue enriched"	"Detected in some"	18	"kidney: 52.7"	"Group enriched"	"Detected in some"	4	"Early spermatids: 58.4;Late spermatids: 142.5;Proximal tubular cells: 113.0"	"Not detected"	"Not detected"			"Low region specificity"	"Detected in single"			"Not detected in immune cells"	"Not detected"			"Not detected"	"Not detected"			"Not detected"	"Not detected"			"Kidney - Proximal tubular cells, Testis - Early spermatids, Testis - Late spermatids"	"Not detected"	"Not detected"			"Not detected"	"Not detected"			HPA041603	Enhanced						NA	NA				"Cluster 52: Kidney - Transmembrane transport"	"Cluster 35: Non-specific - DNA binding"	"Cluster 57: Stomach & Colon cancer - Digestion"	"Cluster 38: Proximal tubular cells - Transmembrane transport"				"HPA041603: AB_10960540"	"unprognostic (1.61e-1)"	"unprognostic (2.95e-1)"	"unprognostic (2.84e-1)"	"unprognostic (3.00e-2)"	"unprognostic (8.04e-2)"	"unprognostic (8.23e-3)"	"unprognostic (1.49e-1)"	"unprognostic (2.25e-3)"	"unprognostic (2.57e-1)"	"unprognostic (1.12e-2)"	"unprognostic (6.43e-2)"	"unprognostic (2.47e-1)"	"unprognostic (1.42e-3)"	"unprognostic (5.88e-2)"	"unprognostic (2.14e-1)"	"unprognostic (4.18e-2)"	"unprognostic (3.22e-1)"
SLC5A10	SGLT5	ENSG00000154025	"Solute carrier family 5 member 10"	A0PJK1	17	18950345-19022595	"Metabolic proteins, Predicted membrane proteins, Transporters"	"Ion transport, Sodium transport, Sugar transport, Transport"			"Evidence at protein level"	"Evidence at transcript level"	"Evidence at protein level"	"Evidence at protein level"	"Tissue enriched"	"Detected in some"	12	"kidney: 40.1"	"Group enriched"	"Detected in some"	4	"Late spermatids: 33.3;Proximal tubular cells: 50.4"	"Cancer enriched"	"Detected in some"	11	"renal cancer: 6.3"	"Not detected"	"Not detected"			"Group enriched"	"Detected in some"	5	"intermediate monocyte: 1.8;non-classical monocyte: 4.9"	"Lineage enriched"	"Detected in single"	7	"monocytes: 4.9"	"Not detected"	"Not detected"			"Kidney - Proximal tubular cells"	"Not detected"	"Not detected"			"Low region specificity"	"Detected in many"			HPA052014	Uncertain						NA	NA			"Cluster 40: Monocytes - Innate immune response"	"Cluster 52: Kidney - Transmembrane transport"		"Cluster 9: Skin cancer - Melanin biosynthesis"	"Cluster 56: Proximal tubular cells - Amino acid metabolism"				"HPA052014: AB_2681694"	"unprognostic (3.74e-1)"	"unprognostic (2.92e-1)"	"unprognostic (3.04e-2)"	"unprognostic (6.11e-2)"	"unprognostic (6.56e-2)"	"unprognostic (3.36e-4)"	"unprognostic (7.36e-2)"	"unprognostic (2.39e-1)"	"unprognostic (1.52e-1)"	"unprognostic (8.94e-2)"	"unprognostic (3.24e-2)"	"unprognostic (1.53e-1)"	"unprognostic (1.09e-2)"	"unprognostic (3.43e-2)"	"unprognostic (2.61e-2)"	"unprognostic (2.75e-2)"	"unprognostic (2.11e-1)"
SOST	"DAND6, VBCH"	ENSG00000167941	Sclerostin	Q9BQB4	17	43753738-43758791	"Disease related genes, FDA approved drug targets, Human disease related genes, Predicted secreted proteins"	"Wnt signaling pathway"	Heparin-binding	"Disease variant, FDA approved drug targets"	"Evidence at protein level"	"Evidence at transcript level"	"Evidence at protein level"	"Evidence at protein level"	"Tissue enriched"	"Detected in some"	12	"kidney: 13.0"	"Group enriched"	"Detected in some"	5	"B-cells: 1.6;Cholangiocytes: 1.9;Collecting duct cells: 5.8;Pancreatic endocrine cells: 1.7"	"Cancer enhanced"	"Detected in some"		"lung cancer: 6.2"	"Not detected"	"Not detected"			"Not detected in immune cells"	"Not detected"			"Not detected"	"Not detected"			"Cancer enhanced"	"Detected in some"		"Bladder cancer: 12.3;Rhabdoid: 19.6"		"Group enriched"	"Detected in some"	11	"basal ganglia: 1.7;cerebellum: 1.0"	"Not detected"	"Not detected"								"Secreted to extracellular matrix"	Other	NA	NA		16000		"Cluster 52: Kidney - Transmembrane transport"		"Cluster 7: Liver cancer - Metabolism"	"Cluster 73: B-cells - B-cell function"	4				"unprognostic (1.26e-1)"	"unprognostic (4.06e-2)"		"unprognostic (6.57e-2)"	"unprognostic (2.55e-3)"	"unprognostic (3.37e-1)"		"unprognostic (4.67e-2)"	"unprognostic (1.16e-1)"	"unprognostic (8.35e-2)"	"unprognostic (1.38e-2)"		"unprognostic (1.20e-1)"	"unprognostic (8.92e-2)"	"unprognostic (1.56e-1)"		"unprognostic (7.90e-2)"
AQP6	AQP2L	ENSG00000086159	"Aquaporin 6"	Q13520	12	49967194-49977139	"Metabolic proteins, Predicted membrane proteins, Transporters"	Transport			"Evidence at protein level"	"Evidence at protein level"	"Evidence at protein level"	"Evidence at protein level"	"Tissue enriched"	"Detected in some"	11	"kidney: 51.2"	"Cell type enhanced"	"Detected in some"		"Astrocytes: 4.0;Club cells: 1.5;Collecting duct cells: 1.9;Distal tubular cells: 3.1;Ionocytes: 5.5;Oligodendrocyte precursor cells: 1.4;Oligodendrocytes: 1.5"	"Cancer enriched"	"Detected in many"	9	"renal cancer: 9.1"	"Low region specificity"	"Detected in all"			"Not detected in immune cells"	"Not detected"			"Not detected"	"Not detected"			"Not detected"	"Not detected"			"Breast - Breast glandular cells (progenitors), Liver - Hepatocytes, Skin - Eccrine sweat gland cells"	"Region enriched"	"Detected in some"	7	"cerebellum: 21.0"	"Not detected"	"Not detected"			HPA015278	Enhanced						NA	NA				"Cluster 52: Kidney - Transmembrane transport"	"Cluster 19: Astrocytes - Mixed function"	"Cluster 53: Squamous epithelial cells - Keratinization"	"Cluster 35: Respiratory epithelial cells - Unknown function"	264			"HPA015278: AB_10600982"	"unprognostic (1.23e-1)"	"unprognostic (1.32e-2)"	"unprognostic (9.53e-2)"	"unprognostic (2.02e-2)"	"unprognostic (6.46e-2)"	"unprognostic (4.60e-3)"	"unprognostic (3.45e-2)"	"unprognostic (1.46e-2)"	"unprognostic (1.36e-1)"	"unprognostic (8.68e-3)"	"unprognostic (1.71e-1)"	"unprognostic (2.00e-1)"	"unprognostic (1.74e-1)"	"unprognostic (6.85e-2)"	"unprognostic (9.22e-2)"	"unprognostic (9.03e-2)"	"unprognostic (1.77e-1)"
FMO1		ENSG00000010932	"Flavin containing dimethylaniline monoxygenase 1"	Q01740	1	171248471-171285978	"Enzymes, Metabolic proteins, Predicted membrane proteins"		"Monooxygenase, Oxidoreductase"		"Evidence at protein level"	"Evidence at transcript level"	"Evidence at protein level"	"Evidence at protein level"	"Tissue enriched"	"Detected in many"	10	"kidney: 191.8"	"Cell type enhanced"	"Detected in some"		"Distal tubular cells: 27.7;Mesothelial cells: 59.0;Proximal enterocytes: 85.9;Proximal tubular cells: 165.1"	"Cancer enriched"	"Detected in many"	8	"renal cancer: 18.0"	"Not detected"	"Not detected"			"Not detected in immune cells"	"Not detected"			"Not detected"	"Not detected"			"Cancer enhanced"	"Detected in single"		"Rhabdoid: 1.4"	"Kidney - Proximal tubular cells, Lung - Fibroblast_2, Skeletal muscle - Fibroblasts, Thyroid - Fibroblasts"	"Low region specificity"	"Detected in all"			"Low region specificity"	"Detected in all"			HPA078132	Approved						NA	NA				"Cluster 52: Kidney - Transmembrane transport"		"Cluster 44: Connective tissue cells - ECM organization"	"Cluster 38: Proximal tubular cells - Transmembrane transport"	5			"HPA078132: "	"unprognostic (1.04e-1)"	"unprognostic (1.05e-2)"	"unprognostic (5.87e-2)"	"unprognostic (1.34e-1)"	"unprognostic (5.32e-3)"	"unprognostic (1.89e-2)"	"unprognostic (1.04e-1)"	"unprognostic (4.04e-1)"	"unprognostic (9.16e-2)"	"unprognostic (9.03e-2)"	"unprognostic (1.36e-2)"	"unprognostic (2.23e-1)"	"prognostic favorable (2.81e-4)"	"unprognostic (6.49e-4)"	"unprognostic (1.40e-1)"	"unprognostic (3.58e-1)"	"unprognostic (1.37e-1)"
REN		ENSG00000143839	Renin	P00797	1	204154819-204190324	"Candidate cardiovascular disease genes, Disease related genes, Enzymes, FDA approved drug targets, Human disease related genes, Predicted intracellular proteins, Predicted secreted proteins"		"Aspartyl protease, Hydrolase, Protease"	"Disease variant, FDA approved drug targets"	"Evidence at protein level"	"Evidence at protein level"	"Evidence at protein level"	"Evidence at protein level"	"Tissue enriched"	"Detected in some"	10	"kidney: 157.7"	"Group enriched"	"Detected in some"	5	"Club cells: 33.8;Late spermatids: 27.8;Smooth muscle cells: 14.8"	"Cancer enriched"	"Detected in many"	8	"renal cancer: 39.4"	"Region enhanced"	"Detected in many"		"choroid plexus: 7.5"	"Not detected in immune cells"	"Not detected"			"Not detected"	"Not detected"			"Group enriched"	"Detected in some"	5	"Bladder cancer: 22.1;colorectal cancer: 8.4"	"Lung - Alveolar cells type 2, Testis - Late spermatids"	"Not detected"	"Not detected"			"Not detected"	"Not detected"			HPA005131	Approved				"Secreted to blood"	Enzyme	NA	NA	692000	10000		"Cluster 52: Kidney - Transmembrane transport"	"Cluster 36: Choroid plexus - Mixed function"	"Cluster 53: Squamous epithelial cells - Keratinization"	"Cluster 50: Connective tissue cells - ECM organization"	2			"HPA005131: AB_1079174"	"unprognostic (4.45e-2)"	"unprognostic (3.35e-1)"	"unprognostic (1.62e-1)"	"unprognostic (8.58e-2)"		"unprognostic (2.89e-1)"	"unprognostic (1.23e-2)"	"unprognostic (1.24e-1)"	"unprognostic (1.13e-1)"	"unprognostic (7.20e-3)"	"unprognostic (1.37e-1)"	"unprognostic (1.57e-1)"	"prognostic unfavorable (6.45e-5)"	"unprognostic (1.22e-1)"	"unprognostic (1.70e-1)"	"unprognostic (4.98e-2)"	"unprognostic (6.49e-2)"
SLC22A24	"MGC34821, NET46"	ENSG00000197658	"Solute carrier family 22 member 24"	Q8N4F4	11	63079940-63144221	"Predicted membrane proteins"	"Ion transport, Lipid metabolism, Lipid transport, Steroid metabolism, Transport"			"Evidence at protein level"	"Evidence at transcript level"	"Evidence at protein level"	"Evidence at protein level"	"Tissue enriched"	"Detected in single"	10	"kidney: 4.2"	"Group enriched"	"Detected in some"	5	"Excitatory neurons: 5.7;Proximal tubular cells: 10.8"	"Cancer enriched"	"Detected in single"	11	"renal cancer: 0.5"	"Region enhanced"	"Detected in many"		"cerebral cortex: 6.4"	"Not detected in immune cells"	"Not detected"			"Not detected"	"Not detected"			"Not detected"	"Not detected"			"Kidney - Proximal tubular cells, Liver - Hepatocytes"									HPA045015	Uncertain						NA	NA				"Cluster 52: Kidney - Transmembrane transport"	"Cluster 53: Neurons - Mixed function"		"Cluster 38: Proximal tubular cells - Transmembrane transport"				"HPA045015: AB_2679183"							"unprognostic (5.72e-3)"						"unprognostic (1.80e-7)"				
NAT8	"ATase2, GLA, Hcml1, TSC501"	ENSG00000144035	"N-acetyltransferase 8 (putative)"	Q9UHE5	2	73640723-73642422	"Enzymes, Metabolic proteins, Predicted membrane proteins"		"Acyltransferase, Transferase"		"Evidence at protein level"	"Evidence at protein level"	"Evidence at protein level"	"Evidence at protein level"	"Tissue enriched"	"Detected in some"	9	"kidney: 705.1"	"Cell type enriched"	"Detected in some"	19	"Proximal tubular cells: 1866.0"	"Cancer enriched"	"Detected in some"	5	"renal cancer: 242.1"	"Low region specificity"	"Detected in all"			"Not detected in immune cells"	"Not detected"			"Not detected"	"Not detected"			"Cancer enriched"	"Detected in single"	9	"liver cancer: 5.0"	"Kidney - Proximal tubular cells, Kidney - Proximal tubular cells, Liver - Hepatocytes"									"HPA067855, HPA074519"	Supported		Supported	"Endoplasmic reticulum"			NA	NA				"Cluster 52: Kidney - Transmembrane transport"	"Cluster 32: Cerebral cortex - Mixed function"	"Cluster 18: Liver cancer - Metabolism"	"Cluster 38: Proximal tubular cells - Transmembrane transport"	25	"Endoplasmic reticulum"		"HPA067855: AB_2732774, HPA074519: AB_2686699"	"unprognostic (4.51e-2)"	"unprognostic (6.36e-2)"	"unprognostic (1.95e-1)"	"unprognostic (1.81e-1)"	"unprognostic (1.98e-1)"	"unprognostic (4.95e-3)"	"unprognostic (2.46e-1)"	"unprognostic (1.90e-2)"	"unprognostic (9.42e-2)"	"unprognostic (1.82e-1)"	"unprognostic (2.13e-2)"	"unprognostic (8.60e-2)"	"unprognostic (1.37e-3)"	"unprognostic (2.07e-2)"	"unprognostic (4.11e-3)"	"unprognostic (2.13e-2)"	"unprognostic (8.36e-5)"
SLC13A3	"NADC3, SDCT2"	ENSG00000158296	"Solute carrier family 13 member 3"	Q8WWT9	20	46557823-46684467	"Disease related genes, Metabolic proteins, Potential drug targets, Predicted membrane proteins, Transporters"	"Ion transport, Lipid transport, Sodium transport, Symport, Transport"		"Disease variant"	"Evidence at protein level"	"Evidence at protein level"	"Evidence at protein level"	"Evidence at protein level"	"Tissue enriched"	"Detected in many"	9	"kidney: 392.3"	"Cell type enhanced"	"Detected in many"		"Astrocytes: 51.1;Cytotrophoblasts: 105.3;Excitatory neurons: 62.8;Oligodendrocytes: 165.8;Proximal tubular cells: 183.6;Syncytiotrophoblasts: 70.2"	"Cancer enhanced"	"Detected in many"		"liver cancer: 11.3"	"Low region specificity"	"Detected in all"			"Not detected in immune cells"	"Not detected"			"Not detected"	"Not detected"			"Low cancer specificity"	"Detected in many"			"Kidney - Proximal tubular cells, Prostate - Prostate glandular cells, Stomach - Chief cells, Testis - Early spermatids, Testis - Late spermatids"	"Low region specificity"	"Detected in all"			"Low region specificity"	"Detected in all"			"HPA014333, HPA014353, HPA014736"	Enhanced		Supported	"Plasma membrane"			NA	NA				"Cluster 52: Kidney - Transmembrane transport"	"Cluster 13: Oligodendrocytes - Mixed function"	"Cluster 10: Ciliated cells - Ion channel activity"	"Cluster 38: Proximal tubular cells - Transmembrane transport"	9	"Plasma membrane"		"HPA014333: AB_2732407, HPA014353: AB_1856968, HPA014736: AB_1856970"	"unprognostic (1.07e-2)"	"unprognostic (7.40e-2)"	"unprognostic (5.59e-2)"	"unprognostic (1.19e-2)"	"unprognostic (3.34e-1)"	"unprognostic (3.19e-2)"	"unprognostic (2.15e-1)"	"unprognostic (2.82e-2)"	"unprognostic (1.66e-2)"	"unprognostic (9.50e-2)"	"unprognostic (1.92e-2)"	"unprognostic (1.03e-1)"	"unprognostic (8.94e-2)"	"unprognostic (3.87e-1)"	"unprognostic (1.17e-1)"	"unprognostic (1.87e-1)"	"unprognostic (2.05e-2)"
CLTRN	"NX17, TMEM27"	ENSG00000147003	"Collectrin, amino acid transport regulator"	Q9HBJ8	X	15627318-15675012	"Metabolic proteins, Predicted membrane proteins, Transporters"				"Evidence at protein level"	"Evidence at protein level"	"Evidence at protein level"	"Evidence at protein level"	"Tissue enriched"	"Detected in many"	8	"kidney: 468.7"	"Cell type enriched"	"Detected in many"	22	"Proximal tubular cells: 673.6"	"Cancer enriched"	"Detected in many"	35	"renal cancer: 106.2"	"Region enriched"	"Detected in all"	14	"choroid plexus: 36.5"	"Not detected in immune cells"	"Not detected"			"Not detected"	"Not detected"			"Low cancer specificity"	"Detected in many"			"Heart muscle - Cardiomyocytes, Kidney - Proximal tubular cells, Liver - Hepatocytes, Thyroid - Thyroid glandular cells"	"Low region specificity"	"Detected in single"			"Low region specificity"	"Detected in many"			HPA048543	Enhanced		Approved	"Endoplasmic reticulum,Vesicles"			NA	NA			"Cluster 43: Non-specific - Transcription & Translation"	"Cluster 52: Kidney - Transmembrane transport"	"Cluster 36: Choroid plexus - Mixed function"	"Cluster 15: Kidney cancer - Membrane components"	"Cluster 38: Proximal tubular cells - Transmembrane transport"	3	"Endoplasmic reticulum, Vesicles"		"HPA048543: AB_2680436"	"unprognostic (1.27e-1)"	"unprognostic (4.77e-2)"	"unprognostic (2.45e-2)"	"unprognostic (2.66e-2)"	"unprognostic (5.20e-2)"	"unprognostic (5.23e-2)"	"unprognostic (1.25e-1)"	"unprognostic (8.50e-2)"	"unprognostic (1.90e-2)"	"prognostic favorable (5.65e-4)"	"unprognostic (1.05e-2)"	"unprognostic (3.03e-1)"	"prognostic favorable (6.78e-9)"	"unprognostic (1.77e-1)"	"unprognostic (2.60e-2)"	"unprognostic (2.58e-1)"	"unprognostic (1.33e-2)"
KCP	"CRIM2, FLJ33365, NET67"	ENSG00000135253	"Kielin cysteine rich BMP regulator"	Q6ZWJ8	7	128862042-128910719	"Predicted secreted proteins"				"Evidence at protein level"	"Evidence at transcript level"	"Evidence at transcript level"	"Evidence at protein level"	"Tissue enriched"	"Detected in some"	8	"kidney: 16.5"	"Cell type enhanced"	"Detected in many"		"Collecting duct cells: 54.5;Late spermatids: 32.2;Proximal enterocytes: 58.2;Skeletal myocytes: 215.7"	"Cancer enhanced"	"Detected in many"		"renal cancer: 5.5"	"Region enriched"	"Detected in single"	4	"cerebellum: 3.8"	"Not detected in immune cells"	"Not detected"			"Not detected"	"Not detected"			"Group enriched"	"Detected in many"	5	"Gallbladder cancer: 13.0;Kidney cancer: 8.2"	"Testis - Late spermatids"	"Not detected"	"Not detected"			"Not detected"	"Not detected"								"Secreted in other tissues"	"No annotated function"	NA	NA				"Cluster 52: Kidney - Transmembrane transport"	"Cluster 35: Non-specific - DNA binding"	"Cluster 15: Kidney cancer - Membrane components"	"Cluster 2: Skeletal myocytes - Muscle contraction"					"unprognostic (6.12e-2)"	"unprognostic (5.49e-2)"	"unprognostic (1.45e-3)"	"unprognostic (6.33e-3)"	"unprognostic (2.14e-1)"	"unprognostic (5.24e-3)"	"unprognostic (2.01e-3)"	"unprognostic (3.25e-3)"	"unprognostic (9.59e-2)"	"unprognostic (1.52e-1)"	"unprognostic (2.20e-3)"	"unprognostic (6.46e-2)"	"unprognostic (1.93e-1)"	"unprognostic (1.46e-1)"	"unprognostic (1.28e-1)"	"unprognostic (4.84e-2)"	"unprognostic (7.64e-3)"
NOX4	"KOX, KOX-1"	ENSG00000086991	"NADPH oxidase 4"	Q9NPH5	11	89324353-89498187	"Predicted membrane proteins, Transporters"		Oxidoreductase		"Evidence at protein level"	"Evidence at transcript level"	"Evidence at protein level"	"Evidence at protein level"	"Tissue enriched"	"Detected in many"	8	"kidney: 133.1"	"Cell type enriched"	"Detected in many"	4	"Proximal tubular cells: 132.0"	"Cancer enhanced"	"Detected in many"		"renal cancer: 5.8"	"Low region specificity"	"Detected in all"			"Not detected in immune cells"	"Not detected"			"Not detected"	"Not detected"			"Cancer enhanced"	"Detected in some"		"testis cancer: 6.5"	"Breast - Endothelial cells, Kidney - Proximal tubular cells, Kidney - Proximal tubular cells, Skin - Endothelial cells"	"Not detected"	"Not detected"			"Low region specificity"	"Detected in many"										NA	NA				"Cluster 52: Kidney - Transmembrane transport"	"Cluster 30: White matter - Myelination"	"Cluster 48: Adipocytes & Endothelial cells - Angiogenesis"	"Cluster 38: Proximal tubular cells - Transmembrane transport"	1				"unprognostic (2.91e-2)"	"unprognostic (1.08e-1)"	"unprognostic (1.74e-3)"	"unprognostic (6.58e-3)"	"unprognostic (1.92e-1)"	"unprognostic (2.33e-1)"	"unprognostic (8.83e-3)"	"unprognostic (8.95e-3)"	"unprognostic (3.80e-1)"	"unprognostic (6.88e-2)"	"unprognostic (1.56e-2)"	"unprognostic (1.73e-1)"	"prognostic favorable (6.14e-4)"	"unprognostic (1.99e-4)"	"unprognostic (9.71e-2)"	"unprognostic (5.69e-2)"	"unprognostic (3.03e-3)"
TINAG		ENSG00000137251	"Tubulointerstitial nephritis antigen"	Q9UJW2	6	54307859-54390142	"Enzymes, Predicted intracellular proteins, Predicted secreted proteins"	"Cell adhesion"			"Evidence at protein level"	"Evidence at transcript level"	"Evidence at transcript level"	"Evidence at protein level"	"Tissue enriched"	"Detected in some"	8	"kidney: 106.2"	"Group enriched"	"Detected in some"	5	"Distal enterocytes: 45.8;Proximal enterocytes: 70.4;Proximal tubular cells: 161.1"	"Cancer enriched"	"Detected in some"	4	"renal cancer: 15.8"	"Region enhanced"	"Detected in some"		"pons: 4.0"	"Not detected in immune cells"	"Not detected"			"Not detected"	"Not detected"			"Cancer enhanced"	"Detected in some"		"Kidney cancer: 12.4"	"Colon - Colon enterocytes, Kidney - Proximal tubular cells"	"Not detected"	"Not detected"			"Low region specificity"	"Detected in many"			"HPA035427, HPA073753"	Approved				"Secreted to extracellular matrix"	"Cell adhesion"	NA	NA		40000		"Cluster 52: Kidney - Transmembrane transport"	"Cluster 49: Hindbrain - Mixed function"	"Cluster 15: Kidney cancer - Membrane components"	"Cluster 38: Proximal tubular cells - Transmembrane transport"				"HPA035427: AB_10601822, HPA073753: "			"unprognostic (7.62e-3)"			"unprognostic (1.12e-2)"	"prognostic unfavorable (2.05e-5)"	"unprognostic (7.27e-2)"			"unprognostic (5.99e-3)"		"prognostic favorable (8.75e-5)"	"unprognostic (7.10e-2)"			
CDH16		ENSG00000166589	"Cadherin 16"	O75309	16	66908122-66918917	"Predicted intracellular proteins, Predicted membrane proteins"	"Cell adhesion"			"Evidence at protein level"	"Evidence at protein level"	"Evidence at protein level"	"Evidence at protein level"	"Tissue enriched"	"Detected in some"	7	"kidney: 243.1"	"Cell type enriched"	"Detected in some"	4	"Collecting duct cells: 472.6"	"Cancer enriched"	"Detected in many"	15	"renal cancer: 96.2"	"Not detected"	"Not detected"			"Not detected in immune cells"	"Not detected"			"Not detected"	"Not detected"			"Cancer enhanced"	"Detected in some"		"Bile duct cancer: 15.9;Kidney cancer: 17.5;Uterine cancer: 9.2"	"Testis - Late spermatids"	"Low region specificity"	"Detected in many"			"Not detected"	"Not detected"			"CAB013526, HPA036260"	Enhanced						NA	NA		130000		"Cluster 52: Kidney - Transmembrane transport"		"Cluster 15: Kidney cancer - Membrane components"	"Cluster 38: Proximal tubular cells - Transmembrane transport"	1			"CAB013526: , HPA036260: AB_2675027"		"unprognostic (1.07e-1)"	"unprognostic (2.47e-1)"	"unprognostic (1.96e-1)"		"unprognostic (9.81e-2)"	"unprognostic (4.24e-3)"	"unprognostic (5.81e-2)"	"unprognostic (5.58e-1)"	"unprognostic (1.02e-1)"	"unprognostic (1.23e-2)"		"prognostic favorable (1.02e-7)"	"unprognostic (2.19e-1)"	"unprognostic (1.99e-1)"	"unprognostic (7.36e-3)"	"unprognostic (2.34e-2)"
CLCNKA	hClC-Ka	ENSG00000186510	"Chloride voltage-gated channel Ka"	P51800	1	16018875-16034050	"Disease related genes, Human disease related genes, Predicted membrane proteins"	"Ion transport, Transport"	"Chloride channel, Ion channel, Voltage-gated channel"	"Bartter syndrome, Deafness, Disease variant"	"Evidence at protein level"	"Evidence at transcript level"	"Evidence at protein level"	"Evidence at protein level"	"Tissue enriched"	"Detected in many"	7	"kidney: 334.2"	"Cell type enriched"	"Detected in some"	7	"Late spermatids: 216.3"	"Group enriched"	"Detected in some"	7	"renal cancer: 4.4;thyroid cancer: 1.6"	"Group enriched"	"Detected in some"	7	"cerebellum: 3.9;choroid plexus: 9.3"	"Not detected in immune cells"	"Not detected"			"Not detected"	"Not detected"			"Cancer enriched"	"Detected in some"	5	"thyroid cancer: 7.5"	"Adipose visceral - Adipocytes (Visceral), Lung - Respiratory ciliated cells, Skin - Eccrine sweat gland cells, Stomach - Parietal cells, Testis - Early spermatids, Testis - Late spermatids"									HPA057717	Approved						NA	NA				"Cluster 52: Kidney - Transmembrane transport"	"Cluster 5: Non-specific - Mixed function"	"Cluster 16: Thyroid cancer - Neuronal signaling"	"Cluster 63: Late spermatids - Spermatogenesis"				"HPA057717: AB_2683509"	"unprognostic (2.35e-2)"	"unprognostic (1.24e-1)"	"unprognostic (1.37e-2)"	"unprognostic (4.02e-1)"	"unprognostic (2.76e-3)"	"unprognostic (8.20e-2)"	"unprognostic (6.16e-2)"	"unprognostic (1.18e-2)"	"unprognostic (6.92e-3)"	"unprognostic (3.49e-2)"	"unprognostic (1.76e-2)"	"unprognostic (1.41e-1)"	"unprognostic (8.13e-3)"	"unprognostic (1.36e-1)"	"unprognostic (9.13e-2)"	"unprognostic (4.37e-3)"	"unprognostic (1.28e-1)"
CLEC18B	MRCL2	ENSG00000140839	"C-type lectin domain family 18 member B"	Q6UXF7	16	74408631-74421478	"Predicted secreted proteins"				"Evidence at protein level"	"Evidence at transcript level"	"Evidence at transcript level"	"Evidence at protein level"	"Tissue enriched"	"Detected in some"	7	"kidney: 31.0"	"Group enriched"	"Detected in some"	11	"Proximal tubular cells: 32.2;Sertoli cells: 13.6"	"Cancer enhanced"	"Detected in some"		"glioma: 2.7;renal cancer: 5.6"	"Low region specificity"	"Detected in all"			"Not detected in immune cells"	"Not detected"			"Not detected"	"Not detected"			"Cancer enhanced"	"Detected in some"		"lung cancer: 3.5"	"Kidney - Proximal tubular cells, Kidney - Proximal tubular cells"									HPA048976	Uncertain				"Secreted to blood"	"No annotated function"	NA	NA				"Cluster 52: Kidney - Transmembrane transport"	"Cluster 54: Immune cells - T cell receptor"	"Cluster 11: Neuronal - Sensory perception"	"Cluster 38: Proximal tubular cells - Transmembrane transport"				"HPA048976: AB_2680582"	"unprognostic (5.69e-2)"	"unprognostic (1.46e-1)"	"unprognostic (5.30e-3)"	"unprognostic (9.37e-2)"	"prognostic unfavorable (2.07e-4)"	"unprognostic (7.15e-2)"	"unprognostic (7.51e-2)"	"unprognostic (4.49e-3)"	"unprognostic (2.17e-1)"	"unprognostic (2.28e-1)"	"unprognostic (9.91e-2)"	"unprognostic (3.58e-2)"	"unprognostic (1.42e-2)"	"unprognostic (2.31e-2)"	"unprognostic (5.87e-2)"	"unprognostic (5.43e-2)"	"unprognostic (4.27e-2)"
PTH1R	"PTHR, PTHR1"	ENSG00000160801	"Parathyroid hormone 1 receptor"	Q03431	3	46877721-46903799	"Disease related genes, FDA approved drug targets, G-protein coupled receptors, Human disease related genes, Predicted intracellular proteins, Predicted membrane proteins, Transporters"		"G-protein coupled receptor, Receptor, Transducer"	"Disease variant, Dwarfism, FDA approved drug targets"	"Evidence at protein level"	"Evidence at protein level"	"Evidence at protein level"	"Evidence at protein level"	"Tissue enriched"	"Detected in many"	7	"kidney: 570.9"	"Cell type enhanced"	"Detected in many"		"Collecting duct cells: 33.1;Distal tubular cells: 49.2;Extravillous trophoblasts: 72.7;Late spermatids: 31.5;Proximal tubular cells: 214.6;Sertoli cells: 57.1"	"Group enriched"	"Detected in many"	4	"renal cancer: 18.8;testis cancer: 5.6"	"Low region specificity"	"Detected in all"			"Not detected in immune cells"	"Not detected"			"Not detected"	"Not detected"			"Cancer enhanced"	"Detected in many"		"testis cancer: 4.8"	"Breast - Adipocytes (Breast)"	"Low region specificity"	"Detected in all"			"Low region specificity"	"Detected in all"			HPA075879	Enhanced						NA	NA				"Cluster 52: Kidney - Transmembrane transport"	"Cluster 47: Endothelial cells - Vasculature"	"Cluster 15: Kidney cancer - Membrane components"	"Cluster 38: Proximal tubular cells - Transmembrane transport"	9			"HPA075879: "	"unprognostic (1.26e-1)"	"unprognostic (7.09e-2)"	"unprognostic (2.24e-5)"	"unprognostic (7.46e-2)"	"unprognostic (3.46e-1)"	"unprognostic (5.02e-2)"	"unprognostic (3.84e-3)"	"unprognostic (5.47e-2)"	"unprognostic (2.18e-1)"	"unprognostic (1.13e-2)"	"unprognostic (7.51e-2)"	"unprognostic (8.44e-2)"	"prognostic favorable (6.79e-6)"	"unprognostic (4.22e-3)"	"unprognostic (1.50e-1)"	"unprognostic (1.35e-4)"	"unprognostic (6.62e-3)"
SLC13A1	"NAS1, NaSi-1"	ENSG00000081800	"Solute carrier family 13 member 1"	Q9BZW2	7	123113531-123199972	"Metabolic proteins, Predicted membrane proteins, Transporters"	"Ion transport, Sodium transport, Sulfate transport, Symport, Transport"			"Evidence at protein level"	"Evidence at protein level"	"Evidence at protein level"	"Evidence at protein level"	"Tissue enriched"	"Detected in some"	7	"kidney: 79.0"	"Cell type enriched"	"Detected in some"	6	"Proximal tubular cells: 427.8"	"Cancer enriched"	"Detected in single"	219	"renal cancer: 10.9"	"Not detected"	"Not detected"			"Not detected in immune cells"	"Not detected"			"Not detected"	"Not detected"			"Not detected"	"Not detected"			"Kidney - Proximal tubular cells"	"Not detected"	"Not detected"			"Low region specificity"	"Detected in all"			"HPA053615, HPA062714"	Enhanced						NA	NA				"Cluster 52: Kidney - Transmembrane transport"			"Cluster 38: Proximal tubular cells - Transmembrane transport"				"HPA053615: AB_2682207, HPA062714: AB_2684846"											"unprognostic (1.86e-1)"		"prognostic favorable (8.95e-5)"	"unprognostic (1.71e-1)"	"unprognostic (3.76e-1)"		
BSND	"BART, DFNB73"	ENSG00000162399	"Barttin CLCNK type accessory subunit beta"	Q8WZ55	1	54998933-55017172	"Disease related genes, Human disease related genes, Potential drug targets, Predicted membrane proteins, Transporters"			"Bartter syndrome, Deafness, Disease variant"	"Evidence at protein level"	"Evidence at protein level"	"Evidence at protein level"	"Evidence at protein level"	"Tissue enriched"	"Detected in some"	6	"kidney: 9.2"	"Group enriched"	"Detected in some"	8	"Collecting duct cells: 9.7;Distal tubular cells: 9.2;Ionocytes: 16.9;Salivary duct cells: 6.2"	"Cancer enriched"	"Detected in some"	7	"renal cancer: 3.5"	"Low region specificity"	"Detected in many"			"Not detected in immune cells"	"Not detected"			"Not detected"	"Not detected"			"Not detected"	"Not detected"				"Not detected"	"Not detected"			"Not detected"	"Not detected"			"HPA053836, HPA060617"	Enhanced						NA	NA				"Cluster 52: Kidney - Transmembrane transport"	"Cluster 10: Cerebellum - Nucleic acid binding"	"Cluster 10: Ciliated cells - Ion channel activity"	"Cluster 39: Non-specific - Basic cellular processes"	25			"HPA053836: AB_2682277, HPA060617: AB_2732651"	"unprognostic (3.38e-2)"	"unprognostic (9.17e-2)"		"unprognostic (2.27e-2)"	"unprognostic (6.97e-3)"	"unprognostic (3.35e-1)"	"unprognostic (8.97e-3)"	"unprognostic (2.51e-1)"		"unprognostic (1.78e-1)"	"unprognostic (4.93e-2)"	"unprognostic (6.92e-2)"	"unprognostic (2.66e-2)"	"unprognostic (1.68e-2)"	"unprognostic (1.57e-1)"		
CLDN16	"HOMG3, PCLN1"	ENSG00000113946	"Claudin 16"	Q9Y5I7	3	190322541-190412138	"Disease related genes, Human disease related genes, Potential drug targets, Predicted membrane proteins, Transporters"	"Ion transport, Transport"		"Disease variant, Primary hypomagnesemia"	"Evidence at protein level"	"Evidence at protein level"	"Evidence at protein level"	"Evidence at protein level"	"Tissue enriched"	"Detected in some"	6	"kidney: 61.3"	"Cell type enriched"	"Detected in some"	10	"Distal tubular cells: 119.9"	"Group enriched"	"Detected in many"	15	"ovarian cancer: 39.8;thyroid cancer: 29.6"	"Low region specificity"	"Detected in many"			"Not detected in immune cells"	"Not detected"			"Not detected"	"Not detected"			"Group enriched"	"Detected in many"	10	"ovarian cancer: 120.3;Uterine cancer: 175.0"	"Adipose visceral - Mesothelial cells, Kidney - Ascending Loop of Henle cells, Liver - Hepatocytes, Lung - Respiratory ciliated cells, Testis - Early spermatids, Testis - Late spermatids"	"Not detected"	"Not detected"			"Not detected"	"Not detected"			HPA056020	Enhanced						NA	NA				"Cluster 52: Kidney - Transmembrane transport"	"Cluster 23: Choroid plexus - Mixed function"	"Cluster 15: Kidney cancer - Membrane components"	"Cluster 39: Non-specific - Basic cellular processes"				"HPA056020: AB_2683011"	"unprognostic (5.01e-2)"	"unprognostic (7.83e-3)"	"unprognostic (1.96e-1)"	"prognostic unfavorable (1.99e-5)"	"unprognostic (6.06e-4)"	"unprognostic (1.30e-1)"	"unprognostic (2.07e-1)"	"unprognostic (2.39e-2)"	"unprognostic (3.31e-1)"	"unprognostic (4.20e-1)"	"unprognostic (2.76e-3)"	"unprognostic (3.70e-1)"	"unprognostic (1.96e-1)"	"unprognostic (5.76e-2)"	"unprognostic (8.08e-2)"	"unprognostic (1.62e-2)"	"unprognostic (1.15e-1)"
GGACT	A2LD1	ENSG00000134864	"Gamma-glutamylamine cyclotransferase"	Q9BVM4	13	100530164-100589528	"Enzymes, Metabolic proteins, Predicted intracellular proteins"		Lyase		"Evidence at protein level"	"Evidence at protein level"	"Evidence at protein level"	"Evidence at protein level"	"Tissue enriched"	"Detected in many"	6	"kidney: 69.7"	"Group enriched"	"Detected in many"	4	"Proximal tubular cells: 88.0;Spermatocytes: 23.2"	"Low cancer specificity"	"Detected in all"			"Low region specificity"	"Detected in all"			"Low immune cell specificity"	"Detected in many"			"Low lineage specificity"	"Detected in many"			"Low cancer specificity"	"Detected in all"			"Kidney - Proximal tubular cells, Liver - Hepatocytes"	"Low region specificity"	"Detected in all"			"Low region specificity"	"Detected in all"			HPA065320	Enhanced						NA	NA		110000	"Cluster 33: Non-specific - ATP binding"	"Cluster 52: Kidney - Transmembrane transport"	"Cluster 19: Astrocytes - Mixed function"	"Cluster 10: Ciliated cells - Ion channel activity"	"Cluster 56: Proximal tubular cells - Amino acid metabolism"	2			"HPA065320: AB_2685466"	"unprognostic (1.93e-1)"	"unprognostic (5.33e-2)"	"unprognostic (2.32e-1)"	"unprognostic (1.30e-3)"	"unprognostic (9.12e-3)"	"unprognostic (1.64e-2)"	"unprognostic (1.58e-2)"	"unprognostic (2.07e-2)"	"unprognostic (7.41e-2)"	"unprognostic (2.81e-1)"	"unprognostic (3.03e-2)"	"unprognostic (2.45e-1)"	"unprognostic (1.95e-2)"	"unprognostic (3.09e-2)"	"unprognostic (1.07e-1)"	"unprognostic (3.37e-2)"	"unprognostic (2.57e-1)"
CLCNKB	hClC-Kb	ENSG00000184908	"Chloride voltage-gated channel Kb"	P51801	1	16040252-16057311	"Disease related genes, Human disease related genes, Potential drug targets, Predicted intracellular proteins, Predicted membrane proteins, Transporters"	"Ion transport, Transport"	"Chloride channel, Ion channel, Voltage-gated channel"	"Bartter syndrome, Deafness, Disease variant"	"Evidence at protein level"	"Evidence at transcript level"	"Evidence at protein level"	"Evidence at protein level"	"Tissue enriched"	"Detected in many"	5	"kidney: 203.4"	"Cell type enhanced"	"Detected in some"		"Collecting duct cells: 25.3;Distal tubular cells: 27.7;Early spermatids: 11.9;Ionocytes: 14.7;Late spermatids: 81.0"	"Cancer enriched"	"Detected in some"	9	"renal cancer: 24.9"	"Region enriched"	"Detected in some"	4	"cerebellum: 7.4"	"Not detected in immune cells"	"Not detected"			"Not detected"	"Not detected"			"Not detected"	"Not detected"			"Adipose visceral - Mesothelial cells, Heart muscle - Cardiomyocytes, Kidney - Intercalated cells, Testis - Late spermatids"									HPA057717	Uncertain						NA	NA				"Cluster 52: Kidney - Transmembrane transport"	"Cluster 35: Non-specific - DNA binding"	"Cluster 15: Kidney cancer - Membrane components"	"Cluster 36: Late spermatids - Unknown function"				"HPA057717: AB_2683509"	"unprognostic (9.05e-4)"	"unprognostic (1.72e-1)"	"unprognostic (2.41e-2)"	"unprognostic (2.68e-3)"	"unprognostic (1.44e-2)"	"unprognostic (1.58e-1)"	"unprognostic (2.10e-4)"	"unprognostic (1.87e-1)"	"unprognostic (3.61e-2)"	"unprognostic (2.31e-1)"	"unprognostic (4.57e-2)"	"unprognostic (1.02e-1)"	"prognostic favorable (1.27e-7)"	"unprognostic (2.04e-2)"	"unprognostic (4.62e-1)"	"unprognostic (1.78e-2)"	"unprognostic (5.14e-2)"
CUBN	"gp280, IFCR, MGA1"	ENSG00000107611	Cubilin	O60494	10	16823966-17129811	"Disease related genes, Human disease related genes, Metabolic proteins, Potential drug targets, Predicted intracellular proteins, Transporters"	"Cholesterol metabolism, Endocytosis, Lipid metabolism, Protein transport, Steroid metabolism, Sterol metabolism, Transport"	Receptor	"Disease variant"	"Evidence at protein level"	"Evidence at protein level"	"Evidence at protein level"	"Evidence at protein level"	"Tissue enriched"	"Detected in many"	5	"kidney: 135.4"	"Group enriched"	"Detected in many"	6	"Proximal enterocytes: 186.0;Proximal tubular cells: 276.0"	"Cancer enriched"	"Detected in some"	15	"renal cancer: 24.3"	"Low region specificity"	"Detected in all"			"Not detected in immune cells"	"Not detected"			"Not detected"	"Not detected"			"Cancer enriched"	"Detected in some"	6	"Rhabdoid: 17.7"	"Kidney - Proximal tubular cells, Kidney - Proximal tubular cells, Skeletal muscle - Fibroblasts, Testis - Late spermatids"	"Not detected"	"Not detected"			"Not detected"	"Not detected"			"HPA004133, HPA043854"	Enhanced				"Intracellular and membrane"	Receptor	NA	NA				"Cluster 52: Kidney - Transmembrane transport"	"Cluster 49: Hindbrain - Mixed function"	"Cluster 5: Rhabdoid - Unknown function"	"Cluster 38: Proximal tubular cells - Transmembrane transport"	2			"HPA004133: AB_2732398, HPA043854: AB_2732510"	"unprognostic (1.75e-1)"	"unprognostic (2.35e-1)"	"unprognostic (2.12e-3)"	"unprognostic (8.61e-4)"	"unprognostic (9.54e-2)"	"unprognostic (2.78e-2)"	"unprognostic (2.88e-2)"	"unprognostic (7.03e-2)"	"unprognostic (1.24e-1)"	"unprognostic (7.16e-2)"	"unprognostic (1.98e-2)"	"unprognostic (2.47e-1)"	"prognostic favorable (1.12e-4)"	"unprognostic (6.24e-3)"	"unprognostic (1.97e-1)"	"unprognostic (2.00e-1)"	"unprognostic (1.93e-1)"
PDZK1	"NHERF3, PDZD1"	ENSG00000174827	"PDZ domain containing 1"	Q5T2W1	1	145670852-145708148	"Predicted intracellular proteins"				"Evidence at protein level"	"Evidence at protein level"	"Evidence at protein level"	"Evidence at protein level"	"Tissue enriched"	"Detected in many"	5	"kidney: 574.6"	"Group enriched"	"Detected in many"	7	"Proximal enterocytes: 268.9;Proximal tubular cells: 767.9"	"Group enriched"	"Detected in many"	4	"liver cancer: 27.6;renal cancer: 44.3"	"Low region specificity"	"Detected in all"			"Immune cell enriched"	"Detected in single"	5	"NK-cell: 4.2"	"Lineage enriched"	"Detected in single"	5	"NK-cells: 4.2"	"Cancer enhanced"	"Detected in many"		"Kidney cancer: 108.6"	"Breast - Breast glandular cells, Kidney - Proximal tubular cells, Kidney - Proximal tubular cells, Liver - Hepatocytes, Skin - Sebaceous gland cells"	"Not detected"	"Not detected"			"Low region specificity"	"Detected in many"			"HPA005755, HPA006155, CAB008971"	Enhanced		Approved	Nucleoplasm,Vesicles,Cytosol			NA	NA			"Cluster 14: Non-specific - Unknown function"	"Cluster 52: Kidney - Transmembrane transport"	"Cluster 35: Non-specific - DNA binding"	"Cluster 27: Breast cancer - Unknown function"	"Cluster 38: Proximal tubular cells - Transmembrane transport"	6	"Nucleoplasm, Vesicles"	Cytosol	"CAB008971: , HPA005755: AB_1855164, HPA006155: AB_1855163"	"unprognostic (4.56e-3)"	"unprognostic (3.07e-1)"	"unprognostic (8.79e-2)"	"unprognostic (4.41e-2)"	"unprognostic (9.15e-2)"	"unprognostic (2.09e-1)"	"unprognostic (2.18e-1)"	"unprognostic (3.42e-1)"	"unprognostic (2.08e-1)"	"unprognostic (3.27e-1)"	"unprognostic (2.34e-2)"	"unprognostic (9.87e-3)"	"prognostic favorable (2.54e-7)"	"unprognostic (9.90e-2)"	"unprognostic (3.02e-1)"	"unprognostic (1.00e-3)"	"unprognostic (8.87e-2)"
PDZK1IP1	"DD96, MAP17, SPAP"	ENSG00000162366	"PDZK1 interacting protein 1"	Q13113	1	47183582-47191044	"Predicted membrane proteins"				"Evidence at protein level"	"Evidence at protein level"	"Evidence at protein level"	"Evidence at protein level"	"Tissue enriched"	"Detected in many"	5	"kidney: 1015.7"	"Cell type enriched"	"Detected in many"	4	"Proximal tubular cells: 4797.2"	"Cancer enhanced"	"Detected in all"		"renal cancer: 340.7"	"Low region specificity"	"Detected in some"			"Immune cell enhanced"	"Detected in many"		"neutrophil: 6.6"	"Low lineage specificity"	"Detected in many"			"Cancer enhanced"	"Detected in many"		"Kidney cancer: 497.6"	"Adipose visceral - Mesothelial cells, Colon - Colon enterocytes, Kidney - Proximal tubular cells, Lung - Alveolar cells type 2, Skin - Keratinocyte (other)"	"Low region specificity"	"Detected in many"			"Not detected"	"Not detected"			HPA014907	Enhanced		Approved	"Nuclear speckles,Cytosol"			NA	NA			"Cluster 4: Neutrophils - Degranulation"	"Cluster 52: Kidney - Transmembrane transport"	"Cluster 42: Choroid plexus - Mitochondria"	"Cluster 15: Kidney cancer - Membrane components"	"Cluster 38: Proximal tubular cells - Transmembrane transport"	71	Cytosol	"Nuclear speckles"	"HPA014907: AB_1855166"	"unprognostic (2.97e-1)"	"unprognostic (3.33e-2)"	"unprognostic (1.03e-1)"	"unprognostic (9.16e-2)"	"prognostic unfavorable (6.92e-4)"	"unprognostic (8.14e-3)"	"unprognostic (2.32e-1)"	"unprognostic (1.46e-1)"	"unprognostic (2.65e-1)"	"unprognostic (2.31e-1)"	"prognostic unfavorable (3.45e-4)"	"unprognostic (2.64e-2)"	"unprognostic (7.90e-3)"	"unprognostic (1.22e-1)"	"unprognostic (2.07e-1)"	"unprognostic (1.75e-3)"	"unprognostic (1.89e-1)"
PTGER1	EP1	ENSG00000160951	"Prostaglandin E receptor 1"	P34995	19	14472466-14475354	"FDA approved drug targets, G-protein coupled receptors, Predicted membrane proteins, Transporters"		"G-protein coupled receptor, Receptor, Transducer"	"FDA approved drug targets"	"Evidence at protein level"	"Evidence at transcript level"	"Evidence at transcript level"	"Evidence at protein level"	"Tissue enriched"	"Detected in some"	5	"kidney: 30.1"	"Cell type enriched"	"Detected in some"	16	"Collecting duct cells: 83.6"	"Cancer enhanced"	"Detected in many"		"ovarian cancer: 4.1"	"Low region specificity"	"Detected in all"			"Not detected in immune cells"	"Not detected"			"Not detected"	"Not detected"			"Cancer enhanced"	"Detected in single"		"Neuroblastoma: 1.6"	"Stomach - Fibroblasts"	"Not detected"	"Not detected"			"Low region specificity"	"Detected in many"										NA	NA			"Cluster 15: NK-cells - Unknown function"	"Cluster 52: Kidney - Transmembrane transport"	"Cluster 6: Non-specific - Immune response"	"Cluster 64: Connective tissue cells - ECM organization"	"Cluster 48: Smooth muscle cells - Signal transduction"					"unprognostic (3.44e-2)"	"unprognostic (3.31e-1)"	"unprognostic (2.68e-1)"	"unprognostic (3.50e-4)"	"unprognostic (8.69e-2)"	"unprognostic (5.58e-2)"	"unprognostic (2.39e-2)"	"unprognostic (3.19e-2)"	"unprognostic (2.05e-1)"	"unprognostic (3.53e-2)"	"unprognostic (1.41e-1)"	"unprognostic (1.42e-1)"	"unprognostic (7.74e-8)"	"unprognostic (1.19e-1)"	"unprognostic (4.41e-2)"	"unprognostic (4.27e-3)"	"unprognostic (4.88e-2)"
RNF212B	C14orf164	ENSG00000215277	"Ring finger protein 212B"	A8MTL3	14	23185316-23273477	"Predicted intracellular proteins"				"Evidence at protein level"	"Evidence at transcript level"	"Evidence at transcript level"	"Evidence at protein level"	"Tissue enriched"	"Detected in some"	5	"kidney: 25.0"	"Group enriched"	"Detected in some"	4	"Early spermatids: 59.4;Spermatocytes: 93.7"	"Not detected"	"Not detected"			"Low region specificity"	"Detected in many"			"Not detected in immune cells"	"Not detected"			"Not detected"	"Not detected"			"Not detected"	"Not detected"			"Kidney - Proximal tubular cells, Testis - Spermatocytes"	"Not detected"	"Not detected"							HPA053574	Uncertain						NA	NA				"Cluster 52: Kidney - Transmembrane transport"	"Cluster 51: Neurons - Mixed function"	"Cluster 41: Non-specific - Nucleosome assembly"	"Cluster 79: Spermatocytes & Spermatogonia - Spermatogenesis"				"HPA053574: AB_2682195"	"unprognostic (2.88e-1)"	"unprognostic (2.17e-1)"	"unprognostic (4.65e-1)"	"unprognostic (8.54e-2)"	"unprognostic (1.30e-1)"	"unprognostic (4.79e-1)"	"unprognostic (4.48e-2)"	"unprognostic (2.98e-2)"	"unprognostic (3.82e-1)"	"unprognostic (1.83e-2)"	"unprognostic (4.96e-3)"	"unprognostic (4.45e-1)"	"unprognostic (7.33e-5)"	"unprognostic (9.60e-2)"	"unprognostic (3.40e-1)"	"unprognostic (7.56e-2)"	"unprognostic (5.39e-3)"
SLCO4C1	"OATP-H, OATP4C1, OATPX, SLC21A20"	ENSG00000173930	"Solute carrier organic anion transporter family member 4C1"	Q6ZQN7	5	102233986-102296284	"Predicted membrane proteins, Transporters"	"Differentiation, Ion transport, Spermatogenesis, Transport"	"Developmental protein"		"Evidence at protein level"	"Evidence at transcript level"	"Evidence at protein level"	"Evidence at protein level"	"Tissue enriched"	"Detected in some"	5	"kidney: 40.1"	"Cell type enhanced"	"Detected in many"		"Alveolar cells type 2: 42.5;Early spermatids: 26.3;NK-cells: 17.3;Proximal tubular cells: 25.1"	"Cancer enriched"	"Detected in many"	5	"renal cancer: 22.4"	"Low region specificity"	"Detected in all"			"Immune cell enhanced"	"Detected in many"		"basophil: 9.5;neutrophil: 9.8"	"Group enriched"	"Detected in many"	5	"granulocytes: 9.8;NK-cells: 2.6;T-cells: 3.8"	"Cancer enhanced"	"Detected in some"		"Kidney cancer: 7.8"	"Liver - Hepatocytes, Lung - Alveolar cells type 2, Skin - Sebaceous gland cells, Testis - Early spermatids"	"Low region specificity"	"Detected in many"			"Low region specificity"	"Detected in all"			HPA058249			Approved	"Nucleoplasm,Plasma membrane,Cytosol"			NA	NA			"Cluster 35: Neutrophils - Protein binding"	"Cluster 52: Kidney - Transmembrane transport"	"Cluster 53: Neurons - Mixed function"	"Cluster 15: Kidney cancer - Membrane components"	"Cluster 38: Proximal tubular cells - Transmembrane transport"		"Plasma membrane"	"Nucleoplasm, Cytosol"	"HPA058249: "	"unprognostic (1.63e-2)"	"unprognostic (2.47e-2)"	"unprognostic (4.48e-4)"	"unprognostic (5.70e-6)"	"unprognostic (7.43e-2)"	"unprognostic (7.71e-3)"	"unprognostic (3.24e-3)"	"unprognostic (2.05e-3)"	"unprognostic (2.13e-1)"	"unprognostic (7.12e-2)"	"unprognostic (3.87e-3)"	"unprognostic (5.83e-2)"	"prognostic favorable (1.12e-4)"	"unprognostic (3.29e-2)"	"unprognostic (1.07e-1)"	"unprognostic (5.91e-2)"	"unprognostic (8.22e-2)"
ATP6V0D2	"ATP6D2, FLJ38708, VMA6"	ENSG00000147614	"ATPase H+ transporting V0 subunit d2"	Q8N8Y2	8	85987323-86154225	"Metabolic proteins, Predicted intracellular proteins"	"Hydrogen ion transport, Ion transport, Transport"			"Evidence at protein level"	"Evidence at protein level"	"Evidence at protein level"	"Evidence at protein level"	"Tissue enriched"	"Detected in many"	4	"kidney: 58.3"	"Cell type enriched"	"Detected in some"	17	"Distal tubular cells: 270.5"	"Cancer enriched"	"Detected in many"	9	"renal cancer: 36.7"	"Low region specificity"	"Detected in all"			"Low immune cell specificity"	"Detected in single"			"Low lineage specificity"	"Detected in single"			"Cancer enhanced"	"Detected in many"		"skin cancer: 5.3;testis cancer: 5.3"	"Kidney - Intercalated cells"	"Not detected"	"Not detected"			"Not detected"	"Not detected"			"HPA055327, HPA058496"	Enhanced		Approved	Vesicles			NA	NA			"Cluster 20: Non-specific - DNA binding"	"Cluster 52: Kidney - Transmembrane transport"	"Cluster 6: Non-specific - Immune response"	"Cluster 9: Skin cancer - Melanin biosynthesis"	"Cluster 58: Macrophages - Innate immune response"	11	Vesicles		"HPA055327: AB_2682784, HPA058496: "	"unprognostic (3.79e-2)"	"unprognostic (1.59e-1)"	"unprognostic (1.78e-1)"	"unprognostic (1.22e-1)"	"unprognostic (8.50e-2)"	"unprognostic (8.43e-3)"	"unprognostic (5.36e-5)"	"unprognostic (4.02e-2)"	"unprognostic (1.16e-1)"	"unprognostic (7.75e-3)"	"unprognostic (2.32e-2)"	"unprognostic (1.61e-1)"	"prognostic favorable (2.20e-6)"	"unprognostic (8.58e-2)"	"unprognostic (1.77e-2)"	"unprognostic (3.67e-1)"	"unprognostic (1.97e-2)"
CLEC18C	"MGC34761, MRCL3"	ENSG00000157335	"C-type lectin domain family 18 member C"	Q8NCF0	16	70173322-70187361	"Predicted secreted proteins"				"Evidence at transcript level"	"Evidence at transcript level"	"Evidence at transcript level"	"Evidence at transcript level"	"Tissue enriched"	"Detected in some"	4	"kidney: 17.3"	"Cell type enriched"	"Detected in some"	12	"Proximal tubular cells: 21.9"	"Cancer enriched"	"Detected in single"	9	"renal cancer: 1.4"	"Low region specificity"	"Detected in many"			"Not detected in immune cells"	"Not detected"			"Not detected"	"Not detected"			"Cancer enriched"	"Detected in single"	29	"lung cancer: 4.9"	"Kidney - Proximal tubular cells, Kidney - Proximal tubular cells"									HPA048976	Uncertain				"Secreted to blood"	"No annotated function"	NA	NA				"Cluster 52: Kidney - Transmembrane transport"	"Cluster 15: Non-specific - Transcription"	"Cluster 11: Neuronal - Sensory perception"	"Cluster 38: Proximal tubular cells - Transmembrane transport"				"HPA048976: AB_2680582"		"unprognostic (3.90e-1)"		"unprognostic (3.03e-1)"	"unprognostic (1.20e-4)"					"unprognostic (5.55e-2)"	"unprognostic (5.72e-3)"	"unprognostic (2.92e-1)"	"unprognostic (7.64e-2)"	"unprognostic (3.79e-2)"	"unprognostic (3.61e-3)"		"unprognostic (6.98e-2)"
CYS1		ENSG00000205795	"Cystin 1"	Q717R9	2	10056473-10080944	"Predicted intracellular proteins"				"Evidence at protein level"	"Evidence at transcript level"	"Evidence at protein level"	"Evidence at protein level"	"Tissue enriched"	"Detected in many"	4	"kidney: 121.5"	"Group enriched"	"Detected in many"	4	"Cholangiocytes: 34.3;Collecting duct cells: 44.7;Distal tubular cells: 36.9;Muller glia cells: 40.9;Proximal tubular cells: 43.7"	"Cancer enhanced"	"Detected in many"		"renal cancer: 46.7"	"Low region specificity"	"Detected in all"			"Not detected in immune cells"	"Not detected"			"Not detected"	"Not detected"			"Cancer enhanced"	"Detected in many"		"Kidney cancer: 5.9"	"Liver - Hepatic stellate cells, Prostate - Fibroblasts, Skin - Fibroblast_1, Stomach - Fibroblasts"	"Low region specificity"	"Detected in all"			"Low region specificity"	"Detected in all"										NA	NA				"Cluster 52: Kidney - Transmembrane transport"	"Cluster 8: Immune cells - Immune response"	"Cluster 15: Kidney cancer - Membrane components"	"Cluster 38: Proximal tubular cells - Transmembrane transport"					"unprognostic (8.48e-2)"	"unprognostic (8.00e-2)"	"unprognostic (9.17e-2)"	"unprognostic (1.63e-1)"	"unprognostic (1.00e-2)"	"unprognostic (2.80e-1)"	"unprognostic (1.56e-1)"	"unprognostic (5.71e-2)"	"unprognostic (1.94e-2)"	"unprognostic (9.53e-2)"	"unprognostic (7.05e-2)"	"unprognostic (7.03e-2)"	"prognostic favorable (1.27e-5)"	"unprognostic (2.19e-3)"	"unprognostic (1.47e-1)"	"unprognostic (8.93e-2)"	"unprognostic (1.20e-2)"
FXYD2	"ATP1G1, HOMG2, MGC12372"	ENSG00000137731	"FXYD domain containing ion transport regulator 2"	P54710	11	117800844-117828698	"Disease related genes, FDA approved drug targets, Human disease related genes, Metabolic proteins, Predicted membrane proteins, Transporters"	"Ion transport, Potassium transport, Sodium transport, Sodium/potassium transport, Transport"		"Disease variant, FDA approved drug targets, Primary hypomagnesemia"	"Evidence at protein level"	"Evidence at protein level"	"Evidence at protein level"	"Evidence at protein level"	"Tissue enriched"	"Detected in many"	4	"kidney: 3540.9"	"Cell type enhanced"	"Detected in many"		"Cholangiocytes: 1055.0;Distal tubular cells: 4293.6;Ductal cells: 1077.7;Proximal tubular cells: 4148.6"	"Cancer enriched"	"Detected in some"	8	"renal cancer: 49.9"	"Low region specificity"	"Detected in many"			"Group enriched"	"Detected in many"	4	"memory CD8 T-cell: 14.8;naive CD4 T-cell: 5.1;naive CD8 T-cell: 4.4;NK-cell: 9.6;plasmacytoid DC: 3.8"	"Group enriched"	"Detected in many"	7	"dendritic cells: 3.8;NK-cells: 9.6;T-cells: 14.8"	"Cancer enhanced"	"Detected in many"		"Kidney cancer: 220.9;Uterine cancer: 89.5"	"Liver - Cholangiocyte, Stomach - Fibroblasts"	"Low region specificity"	"Detected in many"			"Region enriched"	"Detected in some"	5	"spinal cord: 30.5"	"HPA064218, HPA068838"	Supported		Approved	Mitochondria			NA	NA			"Cluster 24: Non-specific - Transcription"	"Cluster 52: Kidney - Transmembrane transport"	"Cluster 53: Neurons - Mixed function"	"Cluster 15: Kidney cancer - Membrane components"	"Cluster 38: Proximal tubular cells - Transmembrane transport"		Mitochondria		"HPA064218: AB_2685214, HPA068838: AB_2686047"	"unprognostic (4.11e-4)"	"unprognostic (1.14e-2)"	"unprognostic (1.63e-1)"	"unprognostic (1.36e-3)"	"unprognostic (1.09e-3)"	"unprognostic (2.30e-2)"	"unprognostic (3.65e-2)"	"unprognostic (4.62e-1)"	"unprognostic (4.01e-2)"	"unprognostic (4.91e-2)"	"unprognostic (1.24e-2)"	"unprognostic (2.64e-1)"	"prognostic favorable (3.23e-9)"	"unprognostic (3.22e-3)"	"unprognostic (4.38e-2)"	"unprognostic (4.62e-1)"	"unprognostic (3.00e-2)"
LYG1	"LYGA1, SALW1939"	ENSG00000144214	"Lysozyme g1"	Q8N1E2	2	99284238-99304742	"Predicted secreted proteins"		"Glycosidase, Hydrolase"		"Evidence at protein level"	"Evidence at transcript level"	"Evidence at protein level"	"Evidence at protein level"	"Tissue enriched"	"Detected in many"	4	"kidney: 22.9"	"Cell type enriched"	"Detected in some"	7	"Proximal tubular cells: 190.1"	"Cancer enriched"	"Detected in many"	15	"renal cancer: 31.5"	"Low region specificity"	"Detected in all"			"Not detected in immune cells"	"Not detected"			"Not detected"	"Not detected"			"Low cancer specificity"	"Detected in many"				"Not detected"	"Not detected"												"Secreted in other tissues"	Enzyme	NA	NA				"Cluster 52: Kidney - Transmembrane transport"	"Cluster 37: Neurons - Mixed function"	"Cluster 56: Non-specific - Sensory perception"	"Cluster 56: Proximal tubular cells - Amino acid metabolism"	3				"unprognostic (1.53e-2)"	"unprognostic (3.13e-2)"	"unprognostic (1.53e-2)"	"unprognostic (3.73e-1)"	"unprognostic (9.74e-2)"	"unprognostic (3.76e-4)"	"unprognostic (6.94e-4)"	"unprognostic (2.58e-2)"	"unprognostic (4.72e-2)"	"unprognostic (9.74e-3)"	"unprognostic (5.01e-2)"	"unprognostic (1.06e-2)"	"prognostic favorable (8.44e-4)"	"unprognostic (1.31e-1)"	"unprognostic (2.58e-1)"	"unprognostic (1.07e-1)"	"unprognostic (2.31e-3)"
SLC16A4	"MCT4, MCT5"	ENSG00000168679	"Solute carrier family 16 member 4"	O15374	1	110362851-110391082	"Metabolic proteins, Predicted membrane proteins, Transporters"	"Symport, Transport"			"Evidence at protein level"	"Evidence at transcript level"	"Evidence at protein level"	"Evidence at protein level"	"Tissue enriched"	"Detected in many"	4	"kidney: 119.6"	"Cell type enhanced"	"Detected in many"		"Collecting duct cells: 56.4;Extravillous trophoblasts: 39.1;Proximal tubular cells: 154.6"	"Cancer enhanced"	"Detected in all"		"renal cancer: 35.1"	"Low region specificity"	"Detected in all"			"Immune cell enriched"	"Detected in single"	4	"memory B-cell: 1.5"	"Lineage enriched"	"Detected in single"	4	"B-cells: 1.5"	"Cancer enhanced"	"Detected in all"		"Kidney cancer: 31.1"	"Colon - Enteric glia cells, Heart muscle - Fibroblasts, Kidney - Proximal tubular cells, Liver - Hepatocytes, Prostate - Fibroblasts, Skin - Endothelial cells"	"Low region specificity"	"Detected in all"			"Low region specificity"	"Detected in all"			"HPA046986, HPA060163"	Approved		Approved	"Microtubules,Cytokinetic bridge,Cytosol"			Yes	NA			"Cluster 18: Non-specific - Translation"	"Cluster 52: Kidney - Transmembrane transport"	"Cluster 50: Non-specific - Nucleic acid binding"	"Cluster 15: Kidney cancer - Membrane components"	"Cluster 38: Proximal tubular cells - Transmembrane transport"		"Microtubules, Cytosol"	"Cytokinetic bridge"	"HPA046986: AB_2679892, HPA060163: "	"unprognostic (2.04e-1)"	"unprognostic (1.69e-1)"	"unprognostic (2.56e-1)"	"unprognostic (2.77e-3)"	"unprognostic (1.53e-1)"	"unprognostic (2.22e-1)"	"unprognostic (2.00e-2)"	"unprognostic (7.94e-2)"	"unprognostic (2.29e-1)"	"unprognostic (1.81e-1)"	"unprognostic (1.70e-2)"	"unprognostic (1.50e-1)"	"prognostic favorable (1.69e-4)"	"unprognostic (3.68e-2)"	"unprognostic (9.16e-2)"	"unprognostic (1.71e-2)"	"unprognostic (9.46e-2)"
SLC17A3	NPT4	ENSG00000124564	"Solute carrier family 17 member 3"	O00476	6	25833066-25882286	"Human disease related genes, Metabolic proteins, Predicted membrane proteins, Transporters"	"Ion transport, Sodium transport, Symport, Transport"			"Evidence at protein level"	"Evidence at transcript level"	"Evidence at protein level"	"Evidence at protein level"	"Tissue enriched"	"Detected in some"	4	"kidney: 158.4"	"Cell type enriched"	"Detected in some"	10	"Proximal tubular cells: 149.3"	"Cancer enriched"	"Detected in some"	17	"renal cancer: 57.0"	"Not detected"	"Not detected"			"Not detected in immune cells"	"Not detected"			"Not detected"	"Not detected"			"Cancer enriched"	"Detected in some"	18	"Kidney cancer: 44.2"	"Kidney - Proximal tubular cells, Liver - Hepatocytes"	"Not detected"	"Not detected"			"Not detected"	"Not detected"										NA	NA				"Cluster 52: Kidney - Transmembrane transport"		"Cluster 15: Kidney cancer - Membrane components"	"Cluster 38: Proximal tubular cells - Transmembrane transport"					"unprognostic (5.31e-3)"				"unprognostic (1.56e-2)"		"unprognostic (2.51e-1)"	"unprognostic (4.65e-2)"			"unprognostic (5.05e-2)"	"unprognostic (1.88e-1)"	"unprognostic (1.07e-1)"	"unprognostic (2.34e-1)"	"unprognostic (1.34e-1)"	"unprognostic (4.49e-1)"	
SLC6A13	GAT2	ENSG00000010379	"Solute carrier family 6 member 13"	Q9NSD5	12	220621-262873	"Metabolic proteins, Predicted membrane proteins, Transporters"	"Neurotransmitter transport, Symport, Transport"			"Evidence at protein level"	"Evidence at protein level"	"Evidence at protein level"	"Evidence at protein level"	"Tissue enriched"	"Detected in some"	4	"kidney: 147.4"	"Cell type enriched"	"Detected in some"	13	"Proximal tubular cells: 245.5"	"Cancer enriched"	"Detected in some"	18	"renal cancer: 32.1"	"Low region specificity"	"Detected in all"			"Not detected in immune cells"	"Not detected"			"Not detected"	"Not detected"			"Cancer enhanced"	"Detected in some"		"Leukemia: 2.3"	"Kidney - Proximal tubular cells, Kidney - Proximal tubular cells, Liver - Hepatocytes, Testis - Early spermatids, Testis - Late spermatids"	"Low region specificity"	"Detected in all"			"Low region specificity"	"Detected in all"			"HPA036449, HPA052726"			Supported	Nucleoplasm,Nucleoli,Mitochondria,Cytosol			NA	NA				"Cluster 52: Kidney - Transmembrane transport"	"Cluster 38: Sub-cortical - Mixed function"	"Cluster 35: RS4;11 - Unknown function"	"Cluster 56: Proximal tubular cells - Amino acid metabolism"		Mitochondria	"Nucleoplasm, Nucleoli, Cytosol"	"HPA036449: AB_2675130, HPA052726: AB_2681927"	"unprognostic (8.45e-3)"	"unprognostic (4.20e-1)"	"unprognostic (5.44e-2)"	"unprognostic (1.64e-5)"	"unprognostic (1.13e-1)"	"unprognostic (8.02e-2)"	"unprognostic (1.32e-2)"	"unprognostic (1.30e-1)"	"unprognostic (1.75e-1)"	"unprognostic (2.15e-1)"	"unprognostic (7.21e-4)"	"unprognostic (2.93e-1)"	"unprognostic (1.25e-3)"	"unprognostic (3.79e-2)"	"unprognostic (2.62e-1)"	"unprognostic (6.23e-2)"	"unprognostic (1.91e-1)"
SUCNR1	GPR91	ENSG00000198829	"Succinate receptor 1"	Q9BXA5	3	151873643-151884619	"G-protein coupled receptors, Predicted membrane proteins"		"G-protein coupled receptor, Receptor, Transducer"		"Evidence at protein level"	"Evidence at protein level"	"Evidence at protein level"	"Evidence at protein level"	"Tissue enriched"	"Detected in some"	4	"kidney: 38.5"	"Cell type enhanced"	"Detected in some"		"Distal tubular cells: 9.2;Hofbauer cells: 18.4;Kupffer cells: 18.8;Langerhans cells: 9.7;Macrophages: 13.0;monocytes: 9.8;Proximal tubular cells: 35.0;Smooth muscle cells: 8.9"	"Low cancer specificity"	"Detected in many"			"Low region specificity"	"Detected in single"			"Not detected in immune cells"	"Not detected"			"Not detected"	"Not detected"			"Cancer enhanced"	"Detected in some"		"Leukemia: 11.9;Rhabdoid: 14.1"	"Breast - Endothelial cells, Thyroid - Fibroblasts"	"Not detected"	"Not detected"			"Not detected"	"Not detected"			CAB022745	Uncertain						NA	NA			"Cluster 8: Plasmacytoid DCs - Unknown function"	"Cluster 52: Kidney - Transmembrane transport"	"Cluster 20: Macrophages & Microglia - Immune response"	"Cluster 5: Rhabdoid - Unknown function"	"Cluster 38: Proximal tubular cells - Transmembrane transport"	2			"CAB022745: "	"unprognostic (1.54e-1)"	"unprognostic (2.65e-2)"	"unprognostic (3.45e-2)"	"unprognostic (6.94e-2)"	"unprognostic (1.58e-1)"	"unprognostic (6.01e-2)"	"unprognostic (3.17e-1)"	"unprognostic (1.09e-1)"	"unprognostic (1.70e-1)"	"unprognostic (1.04e-1)"	"unprognostic (8.92e-2)"	"unprognostic (2.59e-1)"	"unprognostic (1.34e-3)"	"unprognostic (2.14e-1)"	"unprognostic (4.14e-2)"	"unprognostic (7.49e-2)"	"unprognostic (1.58e-1)"
